Identifier,Polymer EntityData,,,,,,,,,
Entry ID,Entity ID,Asym ID,Auth Asym ID,Database Name,Accession Code(s),Sequence,Polymer Entity Sequence Length,Entity Macromolecule Type,Molecular Weight (Entity),
"1GNX","1","A, B","A, B","UniProt","Q59976","MVPAAQQTATAPDAALTFPEGFLWGSATASYQIEGAAAEDGRTPSIWDTYARTPGRVRNGDTGDVATDHYHRWREDVALMAELGLGAYRFSLAWPRIQPTGRGPALQKGLDFYRRLADELLAKGIQPVATLYHWDLPQELENAGGWPERATAERFAEYAAIAADALGDRVKTWTTLNEPWCSAFLGYGSGVHAPGRTDPVAALRAAHHLNLGHGLAVQALRDRLPADAQCSVTLNIHHVRPLTDSDADADAVRRIDALANRVFTGPMLQGAYPEDLVKDTAGLTDWSFVRDGDLRLAHQKLDFLGVNYYSPTLVSEADGSGTHNSDGHGRSAHSPWPGADRVAFHQPPGETTAMGWAVDPSGLYELLRRLSSDFPALPLVITENGAAFHDYADPEGNVNDPERIAYVRDHLAAVHRAIKDGSDVRGYFLWSLLDNFEWAHGYSKRFGAVYVDYPTGTRIPKASARWYAEVARTGVLPTA",479,"polypeptide(L)",52.379
"1GON","1","A, B","A, B","UniProt","Q59976","MVPAAQQTATAPDAALTFPEGFLWGSATASYQIEGAAAEDGRTPSIWDTYARTPGRVRNGDTGDVATDHYHRWREDVALMAELGLGAYRFSLAWPRIQPTGRGPALQKGLDFYRRLADELLAKGIQPVATLYHWDLPQELENAGGWPERATAERFAEYAAIAADALGDRVKTWTTLNEPWCSAFLGYGSGVHAPGRTDPVAALRAAHHLNLGHGLAVQALRDRLPADAQCSVTLNIHHVRPLTDSDADADAVRRIDALANRVFTGPMLQGAYPEDLVKDTAGLTDWSFVRDGDLRLAHQKLDFLGVNYYSPTLVSEADGSGTHNSDGHGRSAHSPWPGADRVAFHQPPGETTAMGWAVDPSGLYELLRRLSSDFPALPLVITENGAAFHDYADPEGNVNDPERIAYVRDHLAAVHRAIKDGSDVRGYFLWSLLDNFEWAHGYSKRFGAVYVDYPTGTRIPKASARWYAEVARTGVLPTA",479,"polypeptide(L)",52.379
"1NP2","1","A, B","A, B","UniProt","Q9L794","MTENAEKFLWGVATSAYQIEGATQEDGRGPSIWDTFARRPGAIRDGSTGEPACDHYHRYEEDIALMQSLGVGVYRFSVAWPRILPEGRGRINPKGLAFYDRLVDRLLAAGITPFLTLYHWDLPQALEDRGGWRSRETAFAFAEYAEAVARALADRVPFFATLNEPWCSAFLGHWTGEHAPGLRNLEAALRAAHHLLLGHGLAVEALRAAGARRVGIVLNFAPAYGEDPEAVDVADRYHNRYFLDPILGRGYPESPFQDPPPAPILSRDLEAIARPLDFLGVNYYAPVRVAPGTGPLPVRYLPPEGPVTAMGWEVYPEGLYHLLKRLGREVPWPLYITENGAAYPDLWTGEAVVEDPERVAYLEAHVEAALRAREEGVDLRGYFVWSLMDNFEWAFGYTRRFGLYYVDFPSQRRIPKRSALWYRERIARAQTGGSAH",436,"polypeptide(L)",49.056
"1QOX","1","A, B, C, D, E, F, G, H, I, J, K, L, M, N, O, P","A, B, C, D, E, F, G, H, I, J, K, L, M, N, O, P","UniProt","Q03506","SIHMFPSDFKWGVATAAYQIEGAYNEDGRGMSIWDTFAHTPGKVKNGDNGNVACDSYHRVEEDVQLLKDLGVKVYRFSISWPRVLPQGTGEVNRAGLDYYHRLVDELLANGIEPFCTLYHWDLPQALQDQGGWGSRITIDAFAEYAELMFKELGGKIKQWITFNEPWCMAFLSNYLGVHAPGNKDLQLAIDVSHHLLVAHGRAVTLFRELGISGEIGIAPNTSWAVPYRRTKEDMEACLRVNGWSGDWYLDPIYFGEYPKFMLDWYENLGYKPPIVDGDMELIHQPIDFIGINYYTSSMNRYNPGEAGGMLSSEAISMGAPKTDIGWEIYAEGLYDLLRYTADKYGNPTLYITENGACYNDGLSLDGRIHDQRRIDYLAMHLIQASRAIEDGINLKGYMEWSLMDNFEWAEGYGMRFGLVHVDYDTLVRTPKDSFYWYKGVISRGWLDL",449,"polypeptide(L)",51.222
"1UG6","1","A","A","UniProt","Q8GEB3","MTENAEKFLWGVATSAYQIEGATQEDGRGPSIWDAFAQRPGAIRDGSTGEPACDHYRRYEEDIALMQSLGVRAYRFSVAWPRILPEGRGRINPKGLAFYDRLVDRLLASGITPFLTLYHWDLPLALEERGGWRSRETAFAFAEYAEAVARALADRVPFFATLNEPWCSAFLGHWTGEHAPGLRNLEAALRAAHHLLLGHGLAVEALRAAGARRVGIVLNFAPAYGEDPEAVDVADRYHNRFFLDPILGKGYPESPFRDPPPVPILSRDLELVARPLDFLGVNYYAPVRVAPGTGTLPVRYLPPEGPATAMGWEVYPEGLYHLLKRLGREVPWPLYVTENGAAYPDLWTGEAVVEDPERVAYLEAHVEAALRAREEGVDLRGYFVWSLMDNFEWAFGYTRRFGLYYVDFPSQRRIPKRSALWYRERIARAQT",431,"polypeptide(L)",48.696
"2X40","1","A","A","UniProt","Q0GC07","MEKVNEILSQLTLEEKVKLVVGVGLPGLFGNPHSRVAGAAGETHPVPRVGLPAFVLADGPAGLRINPTRENDENTYYTTAFPVEIMLASTWNRELLEEVGKAMGEEVREYGVDVLLAPAMNIHRNPLCGRNFEYYSEDPVLSGEMASSFVKGVQSQGVGACIKHFVANNQETNRMVVDTIVSERALREIYLRGFEIAVKKSKPWSVMSAYNKLNGKYCSQNEWLLKKVLREEWGFEGFVMSDWYAGDNPVEQLKAGNDLIMPGKAYQVNTERRDEIEEIMEALKEGKLSEEVLDECVRNILKVLVNAPSFKNYRYSNKPDLEKHAKVAYEAGAEGVVLLRNEEALPLSENSKIALFGTGQIETIKGGTGSGDTHPRYAISILEGIKERGLNFDEELAKTYEDYIKKMRETEEYKPRRDSWGTIIKPKLPENFLSEKEIHKLAKKNDVAVIVISRISGEGYDRKPVKGDFYLSDDETDLIKTVSREFHEQGKKVIVLLNIGSPVEVVSWRDLVDGILLVWQAGQETGRIVADVLTGRINPSGKLPTTFPRDYSDVPSWTFPGEPKDNPQKVVYEEDIYVGYRYYDTFGVEPAYEFGYGLSYTTFEYSDLNVSFDGETLRVQYRIENTGGRAGKEVSQVYIKAPKGKIDKPFQELKAFHKTRLLNPGESEEVVLEIPVRDLASFNGEEWVVEAGEYEVRVGASSRNIKLKGTFSVGEERRFKP",721,"polypeptide(L)",81.262
"2X41","1","A","A","UniProt","Q0GC07","MEKVNEILSQLTLEEKVKLVVGVGLPGLFGNPHSRVAGAAGETHPVPRVGLPAFVLADGPAGLRINPTRENDENTYYTTAFPVEIMLASTWNRELLEEVGKAMGEEVREYGVDVLLAPAMNIHRNPLCGRNFEYYSEDPVLSGEMASSFVKGVQSQGVGACIKHFVANNQETNRMVVDTIVSERALREIYLRGFEIAVKKSKPWSVMSAYNKLNGKYCSQNEWLLKKVLREEWGFEGFVMSDWYAGDNPVEQLKAGNDLIMPGKAYQVNTERRDEIEEIMEALKEGKLSEEVLDECVRNILKVLVNAPSFKNYRYSNKPDLEKHAKVAYEAGAEGVVLLRNEEALPLSENSKIALFGTGQIETIKGGTGSGDTHPRYAISILEGIKERGLNFDEELAKTYEDYIKKMRETEEYKPRRDSWGTIIKPKLPENFLSEKEIHKLAKKNDVAVIVISRISGEGYDRKPVKGDFYLSDDETDLIKTVSREFHEQGKKVIVLLNIGSPVEVVSWRDLVDGILLVWQAGQETGRIVADVLTGRINPSGKLPTTFPRDYSDVPSWTFPGEPKDNPQKVVYEEDIYVGYRYYDTFGVEPAYEFGYGLSYTTFEYSDLNVSFDGETLRVQYRIENTGGRAGKEVSQVYIKAPKGKIDKPFQELKAFHKTRLLNPGESEEVVLEIPVRDLASFNGEEWVVEAGEYEVRVGASSRNIKLKGTFSVGEERRFKP",721,"polypeptide(L)",81.262
"2X42","1","A","A","UniProt","Q0GC07","MEKVNEILSQLTLEEKVKLVVGVGLPGLFGNPHSRVAGAAGETHPVPRVGLPAFVLADGPAGLRINPTRENDENTYYTTAFPVEIMLASTWNRELLEEVGKAMGEEVREYGVDVLLAPAMNIHRNPLCGRNFEYYSEDPVLSGEMASSFVKGVQSQGVGACIKHFVANNQETNRMVVDTIVSERALREIYLRGFEIAVKKSKPWSVMSAYNKLNGKYCSQNEWLLKKVLREEWGFEGFVMSAWYAGDNPVEQLKAGNDLIMPGKAYQVNTERRDEIEEIMEALKEGKLSEEVLDECVRNILKVLVNAPSFKNYRYSNKPDLEKHAKVAYEAGAEGVVLLRNEEALPLSENSKIALFGTGQIETIKGGTGSGDTHPRYAISILEGIKERGLNFDEELAKTYEDYIKKMRETEEYKPRRDSWGTIIKPKLPENFLSEKEIHKLAKKNDVAVIVISRISGEGYDRKPVKGDFYLSDDETDLIKTVSREFHEQGKKVIVLLNIGSPVEVVSWRDLVDGILLVWQAGQETGRIVADVLTGRINPSGKLPTTFPRDYSDVPSWTFPGEPKDNPQKVVYEEDIYVGYRYYDTFGVEPAYEFGYGLSYTTFEYSDLNVSFDGETLRVQYRIENTGGRAGKEVSQVYIKAPKGKIDKPFQELKAFHKTRLLNPGESEEVVLEIPVRDLASFNGEEWVVEAGEYEVRVGASSRNIKLKGTFSVGEERRFKP",721,"polypeptide(L)",81.218
"3ABZ","1","A, B, C, D","A, B, C, D","UniProt","D1GCC6","MSKFDVEQLLSELNQDEKISLLSAVDFWHTKKIERLGIPAVRVSDGPNGIRGTKFFDGVPSGCFPNGTGLASTFDRDLLETAGKLMAKESIAKNAAVILGPTTNMQRGPLGGRGFESFSEDPYLAGMATSSVVKGMQGEGIAATVKHFVCNDLEDQRFSSNSIVSERALREIYLEPFRLAVKHANPVCIMTAYNKVNGEHCSQSKKLLIDILRDEWKWDGMLMSDWFGTYTTAAAIKNGLDIEFPGPTRWRTRALVSHSLNSREQITTEDVDDRVRQVLKMIKFVVDNLEKTGIVENGPESTSNNTKETSDLLRKIAADSIVLLKNKNNILPLKKEDNIIVIGPNAKAKTSSGGGSASMNSYYVVSPYEGIVNKLGKEVDYTVGAYSHKSIGGLAESSLIDAAKPADAENSGLIAKFYSNPVEERSDDEEPFHVTKVNRSNVHLFDFKHEKVDPKNPYFFVTLTGQYVPQEDGDYIFSLQVYGSGLFYLNDELIIDQKHNQERGSFCFGAGTKERTKKLTLKKGQVYNVRVEYGSGPTSGLVGEFGAGGFQAGVIKAIDDDEEIRNAAELAAKHDKAVLIIGLNGEWETEGYDRENMDLPKRTNELVRAVLKANPNTVIVNQSGTPVEFPWLEDANALVQAWYGGNELGNAIADVLYGDVVPNGKLSLSWPFKLQDNPAFLNFKTEFGRVIYGEDIFVGYRYYEKLQRKVAFPFGYGLSYTTFELDISDFKVTDDKIAISVDVKNTGDKFAGSEVVQVYFSALNSKVSRPVKELKGFEKVHLEPGEKKTVNIDLELKDAISYFNEELGKWHVEAGEYLVSVGTSSDDILSVKEFKVEKELYWKGL",845,"polypeptide(L)",94.331
"3AC0","1","A, B, C, D","A, B, C, D","UniProt","D1GCC6","MSKFDVEQLLSELNQDEKISLLSAVDFWHTKKIERLGIPAVRVSDGPNGIRGTKFFDGVPSGCFPNGTGLASTFDRDLLETAGKLMAKESIAKNAAVILGPTTNMQRGPLGGRGFESFSEDPYLAGMATSSVVKGMQGEGIAATVKHFVCNDLEDQRFSSNSIVSERALREIYLEPFRLAVKHANPVCIMTAYNKVNGEHCSQSKKLLIDILRDEWKWDGMLMSDWFGTYTTAAAIKNGLDIEFPGPTRWRTRALVSHSLNSREQITTEDVDDRVRQVLKMIKFVVDNLEKTGIVENGPESTSNNTKETSDLLRKIAADSIVLLKNKNNILPLKKEDNIIVIGPNAKAKTSSGGGSASMNSYYVVSPYEGIVNKLGKEVDYTVGAYSHKSIGGLAESSLIDAAKPADAENSGLIAKFYSNPVEERSDDEEPFHVTKVNRSNVHLFDFKHEKVDPKNPYFFVTLTGQYVPQEDGDYIFSLQVYGSGLFYLNDELIIDQKHNQERGSFCFGAGTKERTKKLTLKKGQVYNVRVEYGSGPTSGLVGEFGAGGFQAGVIKAIDDDEEIRNAAELAAKHDKAVLIIGLNGEWETEGYDRENMDLPKRTNELVRAVLKANPNTVIVNQSGTPVEFPWLEDANALVQAWYGGNELGNAIADVLYGDVVPNGKLSLSWPFKLQDNPAFLNFKTEFGRVIYGEDIFVGYRYYEKLQRKVAFPFGYGLSYTTFELDISDFKVTDDKIAISVDVKNTGDKFAGSEVVQVYFSALNSKVSRPVKELKGFEKVHLEPGEKKTVNIDLELKDAISYFNEELGKWHVEAGEYLVSVGTSSDDILSVKEFKVEKELYWKGL",845,"polypeptide(L)",93.815
"3AHX","1","A, B, C, D","A, B, C, D","UniProt","Q53EH2","MEKLRFPKDFIFGTATAAYQIEGAYKEDEKGESIWDRFSHIPGNVAKMHNGDIACDHYHRYKEDVQLLKSLGIKSYRFSIAWPRIFPKGFGEINQKGIQFYRDLIDELIKNDIEPAITIYHWDLPQKLQDIGGWANPQVADYYVDYANLLFREFGDRVKTWITHNEPWVASYLGYALGVHAPGIKDMKMALLAAHNILLSHFKAVKAYRELEQDGQIGITLNLSTCYSNSADEEDIAAAHRSDGWNNRWFLDAALKGTYPEDMIKIFSDTNIMPELPKELFTEVFETSDFLGINYYTRQVVKNNSEAFIGAESVAMDNPKTEMGWEIYPQGLYDLLTRIHRDYGNIDLYITENGAAFNDMVNRDGKVEDENRLDYLYTHFAAALSAIEAGVPLKGYYIWSFMDNFEWAEGYEKRFGIVHVNYKTQERTIKKSAYWYKELIERSNKLEHHHHHH",453,"polypeptide(L)",52.698
"3AHY","1","A, B, C, D","A, B, C, D","UniProt","O93785","MHHHHHHMLPKDFQWGFATAAYQIEGAVDQDGRGPSIWDTFCAQPGKIADGSSGVTACDSYNRTAEDIALLKSLGAKSYRFSISWSRIIPEGGRGDAVNQAGIDHYVKFVDDLLDAGITPFITLFHWDLPEGLHQRYGGLLNRTEFPLDFENYARVMFRALPKVRNWITFNEPLCSAIPGYGSGTFAPGRQSTSEPWTVGHNILVAHGRAVKAYRDDFKPASGDGQIGIVLNGDFTYPWDAADPADKEAAERRLEFFTAWFADPIYLGDYPASMRKQLGDRLPTFTPEERALVHGSNDFYGMNHYTSNYIRHRSSPASADDTVGNVDVLFTNKQGNCIGPETQSPWLRPCAAGFRDFLVWISKRYGYPPIYVTENGTSIKGESDLPKEKILEDDFRVKYYNEYIRAMVTAVELDGVNVKGYFAWSLMDNFEWADGYVTRFGVTYVDYENGQKRFPKKSAKSLKPLFDELIAAA",473,"polypeptide(L)",53.257
"3AHZ","1","A","A","UniProt","Q8T0W7","MDVASSDTVYTFPDEFKLGAATASYQIEGAWDENGKGPNIWDTLTHEHPDYVVDGATGDIADDSYHLYKEDVKILKELGAQVYRFSISWARVLPEGHDNIVNQDGIDYYNNLINELLANGIEPMVTMYHWDLPQALQDLGGWPNLVLAKYSENYARVLFKNFGDRVKLWLTFNEPLTFMDGYASEIGMAPSINTPGIGDYLAAHTVIHAHARIYHLYDQEFRAEQGGKVGISLNINWCEPATNSAEDRASCENYQQFNLGLYAHPIFTEEGDYPAVLKDRVSRNSADEGYTDSRLPQFTAEEVEYIRGTHDFLGINFYTALLGKSGVEGYEPSRYRDSGVILTQDAAWPISASSWLKVVPWGFRKELNWIKNEYNNPPVFITENGFSDYGGLNDTGRVHYYTEHLKEMLKAIHEDGVNVIGYTAWSLMDNFEWLRGYSEKFGIYAVDFEDPARPRIPKESAKVLAEIMNTRKIPERFRDLEHHHHHH",487,"polypeptide(L)",55.626
"3AI0","1","A","A","UniProt","Q8T0W7","MDVASSDTVYTFPDEFKLGAATASYQIEGAWDENGKGPNIWDTLTHEHPDYVVDGATGDIADDSYHLYKEDVKILKELGAQVYRFSISWARVLPEGHDNIVNQDGIDYYNNLINELLANGIEPMVTMYHWDLPQALQDLGGWPNLVLAKYSENYARVLFKNFGDRVKLWLTFNDPLTFMDGYASEIGMAPSINTPGIGDYLAAHTVIHAHARIYHLYDQEFRAEQGGKVGISLNINWCEPATNSAEDRASCENYQQFNLGLYAHPIFTEEGDYPAVLKDRVSRNSADEGYTDSRLPQFTAEEVEYIRGTHDFLGINFYTALLGKSGVEGYEPSRYRDSGVILTQDAAWPISASSWLKVVPWGFRKELNWIKNEYNNPPVFITENGFSDYGGLNDTGRVHYYTEHLKEMLKAIHEDGVNVIGYTAWSLMDNFEWLRGYSEKFGIYAVDFEDPARPRIPKESAKVLAEIMNTRKIPERFRDLEHHHHHH",487,"polypeptide(L)",55.611
"3CMJ","1","A","A","UniProt","Q0GMU3","MGSSHHHHHHSSGLVPRGSHMNVKKFPEGFLWGAATSSYQIEGAWNEDGKGESIWDRFTRIPGKIKNGDSGDVACDHYHRYEQDLDLMRQLGLKTYRFSIAWARIQPDSSRQINQRGLDFYRRLVEGLHKRDILPMATLYHWDLPQWVEDEGGWLSRESASRFAEYTHALVAALGDQIPLWVTHNEPMVTVWAGYHMGLFAPGLKDPTLGGRVAHHLLLSHGQALQAFRALSPAGSQMGITLNFNTIYPVSAEPADVEAARRMHSFQNELFLEPLIRGQYNQATLMAYPNLPEFIAPEDMQTISAPIDFLGVNYYNPMRVKSSPQPPGIEVVQVESPVTAMGWEIAPEGLYDLLMGITRTYGKLPIYITENGAAFDDQPDQSGQVNDPQRVGYFQGHIGAARRALADGVDLRGYYAWSLLDNFEWAEGYSKRFGIIYVDFETQQRTLKQSAQWYRDVIANNGLED",465,"polypeptide(L)",52.597
"3TA9","1","A, B","A, B","UniProt","B8CYA8","MHHHHHHMAKIIFPEDFIWGAATSSYQIEGAFNEDGKGESIWDRFSHTPGKIENGDTGDIACDHYHLYREDIELMKEIGIRSYRFSTSWPRILPEGKGRVNQKGLDFYKRLVDNLLKANIRPMITLYHWDLPQALQDKGGWTNRDTAKYFAEYARLMFEEFNGLVDLWVTHNEPWVVAFEGHAFGNHAPGTKDFKTALQVAHHLLLSHGMAVDIFREEDLPGEIGITLNLTPAYPAGDSEKDVKAASLLDDYINAWFLSPVFKGSYPEELHHIYEQNLGAFTTQPGDMDIISRDIDFLGINYYSRMVVRHKPGDNLFNAEVVKMEDRPSTEMGWEIYPQGLYDILVRVNKEYTDKPLYITENGAAFDDKLTEEGKIHDEKRINYLGDHFKQAYKALKDGVPLRGYYVWSLMDNFEWAYGYSKRFGLIYVDYENGNRRFLKDSALWYREVIEKGQVEAN",458,"polypeptide(L)",53.159
"3VIF","1","A","A","UniProt","Q8T0W7","MDVASSDTVYTFPDEFKLGAATASYQIEGAWDENGKGPNIWDTLTHEHPDYVVDGATGDIADDSYHLYKEDVKILKELGAQVYRFSISWARVLPEGHDNIVNQDGIDYYNNLINELLANGIEPMVTMYHWDLPQALQDLGGWPNLVLAKYSENYARVLFKNFGDRVKLWLTFNEPLTFMDGYASEIGMAPSINTPGIGDYLAAHTVIHAHARIYHLYDQEFRAEQGGKVGISLNINWCEPATNSAEDRASCENYQQFNLGLYAHPIFTEEGDYPAVLKDRVSRNSADEGYTDSRLPQFTAEEVEYIRGTHDFLGINFYTALLGKSGVEGYEPSRYRDSGVILTQDAAWPISASSWLKVVPWGFRKELNWIKNEYNNPPVFITENGFSDYGGLNDTGRVHYYTEHLKEMLKAIHEDGVNVIGYTAWSLMDNFEWLRGYSEKFGIYAVDFEDPARPRIPKESAKVLAEIMNTRKIPERFRDLEHHHHHH",487,"polypeptide(L)",55.626
"3VIG","1","A","A","UniProt","Q8T0W7","MDVASSDTVYTFPDEFKLGAATASYQIEGAWDENGKGPNIWDTLTHEHPDYVVDGATGDIADDSYHLYKEDVKILKELGAQVYRFSISWARVLPEGHDNIVNQDGIDYYNNLINELLANGIEPMVTMYHWDLPQALQDLGGWPNLVLAKYSENYARVLFKNFGDRVKLWLTFNEPLTFMDGYASEIGMAPSINTPGIGDYLAAHTVIHAHARIYHLYDQEFRAEQGGKVGISLNINWCEPATNSAEDRASCENYQQFNLGLYAHPIFTEEGDYPAVLKDRVSRNSADEGYTDSRLPQFTAEEVEYIRGTHDFLGINFYTALLGKSGVEGYEPSRYRDSGVILTQDAAWPISASSWLKVVPWGFRKELNWIKNEYNNPPVFITENGFSDYGGLNDTGRVHYYTEHLKEMLKAIHEDGVNVIGYTAWSLMDNFEWLRGYSEKFGIYAVDFEDPARPRIPKESAKVLAEIMNTRKIPERFRDLEHHHHHH",487,"polypeptide(L)",55.626
"3VIH","1","A","A","UniProt","Q8T0W7","MDVASSDTVYTFPDEFKLGAATASYQIEGAWDENGKGPNIWDTLTHEHPDYVVDGATGDIADDSYHLYKEDVKILKELGAQVYRFSISWARVLPEGHDNIVNQDGIDYYNNLINELLANGIEPMVTMYHWDLPQALQDLGGWPNLVLAKYSENYARVLFKNFGDRVKLWLTFNEPLTFMDGYASEIGMAPSINTPGIGDYLAAHTVIHAHARIYHLYDQEFRAEQGGKVGISLNINWCEPATNSAEDRASCENYQQFNLGLYAHPIFTEEGDYPAVLKDRVSRNSADEGYTDSRLPQFTAEEVEYIRGTHDFLGINFYTALLGKSGVEGYEPSRYRDSGVILTQDAAWPISASSWLKVVPWGFRKELNWIKNEYNNPPVFITENGFSDYGGLNDTGRVHYYTEHLKEMLKAIHEDGVNVIGYTAWSLMDNFEWLRGYSEKFGIYAVDFEDPARPRIPKESAKVLAEIMNTRKIPERFRDLEHHHHHH",487,"polypeptide(L)",55.626
"3VII","1","A","A","UniProt","Q8T0W7","MDVASSDTVYTFPDEFKLGAATASYQIEGAWDENGKGPNIWDTLTHEHPDYVVDGATGDIADDSYHLYKEDVKILKELGAQVYRFSISWARVLPEGHDNIVNQDGIDYYNNLINELLANGIEPMVTMYHWDLPQALQDLGGWPNLVLAKYSENYARVLFKNFGDRVKLWLTFNEPLTFMDGYASEIGMAPSINTPGIGDYLAAHTVIHAHARIYHLYDQEFRAEQGGKVGISLNINWCEPATNSAEDRASCENYQQFNLGLYAHPIFTEEGDYPAVLKDRVSRNSADEGYTDSRLPQFTAEEVEYIRGTHDFLGINFYTALLGKSGVEGYEPSRYRDSGVILTQDAAWPISASSWLKVVPWGFRKELNWIKNEYNNPPVFITENGFSDYGGLNDTGRVHYYTEHLKEMLKAIHEDGVNVIGYTAWSLMDNFEWLRGYSEKFGIYAVDFEDPARPRIPKESAKVLAEIMNTRKIPERFRDLEHHHHHH",487,"polypeptide(L)",55.626
"3VIJ","1","A","A","UniProt","Q8T0W7","MDVASSDTVYTFPDEFKLGAATASYQIEGAWDENGKGPNIWDTLTHEHPDYVVDGATGDIADDSYHLYKEDVKILKELGAQVYRFSISWARVLPEGHDNIVNQDGIDYYNNLINELLANGIEPMVTMYHWDLPQALQDLGGWPNLVLAKYSENYARVLFKNFGDRVKLWLTFNAPLTFMDGYASEIGMAPSINTPGIGDYLAAHTVIHAHARIYHLYDQEFRAEQGGKVGISLNINWCEPATNSAEDRASCENYQQFNLGLYAHPIFTEEGDYPAVLKDRVSRNSADEGYTDSRLPQFTAEEVEYIRGTHDFLGINFYTALLGKSGVEGYEPSRYRDSGVILTQDAAWPISASSWLKVVPWGFRKELNWIKNEYNNPPVFITENGFSDYGGLNDTGRVHYYTEHLKEMLKAIHEDGVNVIGYTAWSLMDNFEWLRGYSEKFGIYAVDFEDPARPRIPKESAKVLAEIMNTRKIPERFRDLEHHHHHH",487,"polypeptide(L)",55.567
"3VIK","1","A","A","UniProt","Q8T0W7","MDVASSDTVYTFPDEFKLGAATASYQIEGAWDENGKGPNIWDTLTHEHPDYVVDGATGDIADDSYHLYKEDVKILKELGAQVYRFSISWARVLPEGHDNIVNQDGIDYYNNLINELLANGIEPMVTMYHWDLPQALQDLGGWPNLVLAKYSENYARVLFKNFGDRVKLWLTFNSPLTFMDGYASEIGMAPSINTPGIGDYLAAHTVIHAHARIYHLYDQEFRAEQGGKVGISLNINWCEPATNSAEDRASCENYQQFNLGLYAHPIFTEEGDYPAVLKDRVSRNSADEGYTDSRLPQFTAEEVEYIRGTHDFLGINFYTALLGKSGVEGYEPSRYRDSGVILTQDAAWPISASSWLKVVPWGFRKELNWIKNEYNNPPVFITENGFSDYGGLNDTGRVHYYTEHLKEMLKAIHEDGVNVIGYTAWSLMDNFEWLRGYSEKFGIYAVDFEDPARPRIPKESAKVLAEIMNTRKIPERFRDLEHHHHHH",487,"polypeptide(L)",55.583
"3VIL","1","A","A","UniProt","Q8T0W7","MDVASSDTVYTFPDEFKLGAATASYQIEGAWDENGKGPNIWDTLTHEHPDYVVDGATGDIADDSYHLYKEDVKILKELGAQVYRFSISWARVLPEGHDNIVNQDGIDYYNNLINELLANGIEPMVTMYHWDLPQALQDLGGWPNLVLAKYSENYARVLFKNFGDRVKLWLTFNSPLTFMDGYASEIGMAPSINTPGIGDYLAAHTVIHAHARIYHLYDQEFRAEQGGKVGISLNINWCEPATNSAEDRASCENYQQFNLGLYAHPIFTEEGDYPAVLKDRVSRNSADEGYTDSRLPQFTAEEVEYIRGTHDFLGINFYTALLGKSGVEGYEPSRYRDSGVILTQDAAWPISASSWLKVVPWGFRKELNWIKNEYNNPPVFITENGFSDYGGLNDTGRVHYYTEHLKEMLKAIHEDGVNVIGYTAWSLMDNFEWLRGYSEKFGIYAVDFEDPARPRIPKESAKVLAEIMNTRKIPERFRDLEHHHHHH",487,"polypeptide(L)",55.583
"3VIM","1","A","A","UniProt","Q8T0W7","MDVASSDTVYTFPDEFKLGAATASYQIEGAWDENGKGPNIWDTLTHEHPDYVVDGATGDIADDSYHLYKEDVKILKELGAQVYRFSISWARVLPEGHDNIVNQDGIDYYNNLINELLANGIEPMVTMYHWDLPQALQDLGGWPNLVLAKYSENYARVLFKNFGDRVKLWLTFNDPLTFMDGYASEIGMAPSINTPGIGDYLAAHTVIHAHARIYHLYDQEFRAEQGGKVGISLNINWCEPATNSAEDRASCENYQQFNLGLYAHPIFTEEGDYPAVLKDRVSRNSADEGYTDSRLPQFTAEEVEYIRGTHDFLGINFYTALLGKSGVEGYEPSRYRDSGVILTQDAAWPISASSWLKVVPWGFRKELNWIKNEYNNPPVFITENGFSDYGGLNDTGRVHYYTEHLKEMLKAIHEDGVNVIGYTAWSLMDNFEWLRGYSEKFGIYAVDFEDPARPRIPKESAKVLAEIMNTRKIPERFRDLEHHHHHH",487,"polypeptide(L)",55.611
"3VIN","1","A","A","UniProt","Q8T0W7","MDVASSDTVYTFPDEFKLGAATASYQIEGAWDENGKGPNIWDTLTHEHPDYVVDGATGDIADDSYHLYKEDVKILKELGAQVYRFSISWARVLPEGHDNIVNQDGIDYYNNLINELLANGIEPMVTMYHWDLPQALQDLGGWPNLVLAKYSENYARVLFKNFGDRVKLWLTFNDPLTFMDGYASEIGMAPSINTPGIGDYLAAHTVIHAHARIYHLYDQEFRAEQGGKVGISLNINWCEPATNSAEDRASCENYQQFNLGLYAHPIFTEEGDYPAVLKDRVSRNSADEGYTDSRLPQFTAEEVEYIRGTHDFLGINFYTALLGKSGVEGYEPSRYRDSGVILTQDAAWPISASSWLKVVPWGFRKELNWIKNEYNNPPVFITENGFSDYGGLNDTGRVHYYTEHLKEMLKAIHEDGVNVIGYTAWSLMDNFEWLRGYSEKFGIYAVDFEDPARPRIPKESAKVLAEIMNTRKIPERFRDLEHHHHHH",487,"polypeptide(L)",55.611
"3VIO","1","A","A","UniProt","Q8T0W7","MDVASSDTVYTFPDEFKLGAATASYQIEGAWDENGKGPNIWDTLTHEHPDYVVDGATGDIADDSYHLYKEDVKILKELGAQVYRFSISWARVLPEGHDNIVNQDGIDYYNNLINELLANGIEPMVTMYHWDLPQALQDLGGWPNLVLAKYSENYARVLFKNFGDRVKLWLTFNDPLTFMDGYASEIGMAPSINTPGIGDYLAAHTVIHAHARIYHLYDQEFRAEQGGKVGISLNINWCEPATNSAEDRASCENYQQFNLGLYAHPIFTEEGDYPAVLKDRVSRNSADEGYTDSRLPQFTAEEVEYIRGTHDFLGINFYTALLGKSGVEGYEPSRYRDSGVILTQDAAWPISASSWLKVVPWGFRKELNWIKNEYNNPPVFITENGFSDYGGLNDTGRVHYYTEHLKEMLKAIHEDGVNVIGYTAWSLMDNFEWLRGYSEKFGIYAVDFEDPARPRIPKESAKVLAEIMNTRKIPERFRDLEHHHHHH",487,"polypeptide(L)",55.611
"3VIP","1","A","A","UniProt","Q8T0W7","MDVASSDTVYTFPDEFKLGAATASYQIEGAWDENGKGPNIWDTLTHEHPDYVVDGATGDIADDSYHLYKEDVKILKELGAQVYRFSISWARVLPEGHDNIVNQDGIDYYNNLINELLANGIEPMVTMYHWDLPQALQDLGGWPNLVLAKYSENYARVLFKNFGDRVKLWLTFNDPLTFMDGYASEIGMAPSINTPGIGDYLAAHTVIHAHARIYHLYDQEFRAEQGGKVGISLNINWCEPATNSAEDRASCENYQQFNLGLYAHPIFTEEGDYPAVLKDRVSRNSADEGYTDSRLPQFTAEEVEYIRGTHDFLGINFYTALLGKSGVEGYEPSRYRDSGVILTQDAAWPISASSWLKVVPWGFRKELNWIKNEYNNPPVFITENGFSDYGGLNDTGRVHYYTEHLKEMLKAIHEDGVNVIGYTAWSLMDNFEWLRGYSEKFGIYAVDFEDPARPRIPKESAKVLAEIMNTRKIPERFRDLEHHHHHH",487,"polypeptide(L)",55.611
"3W53","1","A","A","UniProt","B9V8P5","MGSSHHHHHHSSGLVPRGSHMASMTGGQQMGRGSMMNHLSQKFAWPKEFLWGSATAAAQIEGAGHSYGKEDSVWDAFARKEGAIAGGENLEVAVDHYHRYREDVQLMRELGLDSYRFSTSWARVVPGGRTVNPEGLDFYSRLVDELLENGILPWLTLYHWDLPQALEERGGWTNRETSYKFLEYAETVHEKLGDRVKHWTTFNEPLCSSLIGYAAGEHAPGRQEPQAALAAVHHQHLAHGLATARLRELGAEHIGITLNLTNAVPNNPGDPVDLEAARRVDALWNRMYLDPVLRGSYPEDLLEDVQGLGLAEVIEAGDLEIISQPIDFLGVNHYHDDNVSGHPLPAGQPQPVVPTDSPKSSPFVGSEYVTFPARDLPRTAMGWEVNPEGLRVLLNRLNQDYANLPSLYITENGASYTDTVTEAGTVEDPEREEYILNHLDAVVRAIADGVDVRGYFVWSLLDNFEWAWGYAKRFGIIHVDYQTQVRTIKNSGKAYAGLIAANRTMA",506,"polypeptide(L)",56.306
"3ZJK","1","A, B, C","A, B, C","UniProt","Q9RA61","MTENAEKFLWGVATSAYQIEGATQEDGRGPSIWDAFAQRPGAIRDGSTGEPACDHYRRYEEDIALMQSLGVRAYRFSVAWPRILPEGRGRINPKGLAFYDRLVDRLLASGITPFLTLYHWDLPLALEERGGWRSRETAFAFAEYAEAVARALADRVPFFATLNEPWCSAFLGHWTGEHAPGLRNLEAALRAAHHLLLGHGLAVEALRAAGARRVGIVLNFAPAYGEDPEAVDVADRYHNRFFLDPILGKGYPESPFRDPPPVPILSRDLELVARPLDFLGVNYYAPVRVAPGTGTLPVRYLPPEGPATAMGWEVYPEGLHHLLKRLGREVPWPLYVTENGAAYPDLWTGEAVVEDPERVAYLEAHVEAALRAREEGVDLRGYFVWSLMDNFEWAFGYTRRSGLYYVDFPSQRRIPKRSALWYRERIARAQT",431,"polypeptide(L)",48.611
"4B3K","1","A, B, C, D, E, F","A, B, C, D, E, F","UniProt","Q99YP9","LAFPKEFWWGGATSGPQSEGRFAKQHRNLFDYWYEEEPDLFYDYVGPDTASDAYHQIESDLTLLASLGHNSYRTSIQWTRLIDDFEQATINPDGLAYYNRVIDACLANGIRPVINLHHFDLPIALYQAYGGWESKHVVDLFVAFSKVCFEQFGDRVKDWFVHNEPMVVVEGSYLMQFHYPAIVDGKKAVQVAYNLALATAKVIQAYRRGPAELSDGRIGTILNLTPAYPASQSEADMAAAHFAELWNNDLFMEAAVHGKFPEELVAVLKKDGVLWQSTPEELALIAENRVDYLGLNFYHPKRVKAPDAIPVISPSWSPEWYYDPYLMPGRRMNVDKGWEIYPEAVYDIAIKMRDHYDNIPWFLSENGVGISGEDRYRDETGQIQDDYRIQFLKEHLTYLHKGIEAGSNCFGYHVWTPIDGWSWLNAYKNRYGLVENNIHTQVRRPKASAYWFKKVATHNRLISLEVMEEFGGSASHLSD",479,"polypeptide(L)",55.041
"4B3L","1","A, B, C, D, E, F","A, B, C, D, E, F","UniProt","Q99YP9","LAFPKEFWWGGATSGPQSEGRFAKQHRNLFDYWYEEEPDLFYDYVGPDTASDAYHQIESDLTLLASLGHNSYRTSIQWTRLIDDFEQATINPDGLAYYNRVIDACLANGIRPVINLHHFDLPIALYQAYGGWESKHVVDLFVAFSKVCFEQFGDRVKDWFVHNEPMVVVEGSYLMQFHYPAIVDGKKAVQVAYNLALATAKVIQAYRRGPAELSDGRIGTILNLTPAYPASQSEADMAAAHFAELWNNDLFMEAAVHGKFPEELVAVLKKDGVLWQSTPEELALIAENRVDYLGLNFYHPKRVKAPDAIPVISPSWSPEWYYDPYLMPGRRMNVDKGWEIYPEAVYDIAIKMRDHYDNIPWFLSENGVGISGEDRYRDETGQIQDDYRIQFLKEHLTYLHKGIEAGSNCFGYHVWTPIDGWSWLNAYKNRYGLVENNIHTQVRRPKASAYWFKKVATHNRLISLEVMEEFGGSASHLSD",479,"polypeptide(L)",55.041
"4BCE","1","A, B, C","A, B, C","UniProt","Q53W75","MTENAEKFLWGVATSAYQIEGATQEDGRGPSIWDAFAQRPGAIRDGSTGEPACDHYRRYEEDIALMQSLGVRAYRFSVAWPRILPEGRGRINPKGLAFYDRLVDRLLASGITPFLTLYHWDLPLALEERGGWRSRETAFAFAEYAEAVARALADRVPFFATLNEPWCSAFLGHWTGEHAPGLRNLEAALRAAHHLLLGHGLAVEALRAAGARRVGIVLNFAPAYGEDPEAVDVADRYHNRFFLDPILGKGYPESPFRDPPPVPILSRDLELVARPLDFLGVTYYAPVRVAPGTGTLPVRYLPPEGPATAMGWEVYPEGLHHLLKRLGREVPWPLYVTENGAAYPDLWTGEAVVEDPERVAYLEAHVEAALRAREEGVDLRGYFVWSLMDNFEWAFGYTRRFGLYYVDFPSQRRIPKRSALWYRERIARAQTHHHHHH",437,"polypeptide(L)",49.487
"4GXP","1","A, B, C","A, B, C","UniProt","Q08638","MHHHHHHMNVKKFPEGFLWGVATASYQIEGSPLADGAGMSIWHTFSHTPGNVKNGDTGDVACDHYNRWKEDIEIIEKLGVKAYRFSISWPRILPEGTGRVNQKGLDFYNRIIDTLLEKGITPFVTIFHWDLPFALQLKGGLLNREIADWFAEYSRVLFENFGDRVKNWITFNEPLCSAIPGYGSGTFAPGRQSTSEPWTVGHNILVAHGRAVKVFRETVKDGKIGIVLNGDFTYPWDAADPADKEAAERRLEFFTAWFADPIYLGDYPASMRKQLGDRLPTFTPEERALVHGSNDFYGMNHYTSNYIRHRSSPASADDTVGNVDVLFTNKQGNCIGPETAMPWLRPCAAGFRDFLVWISKRYGYPPIYVTENGAAFDDVVSEDGRVHDQNRIDYLKAYIGAMVTAVELDGVNVKGYFVWSLLDNFEWAEGYSKRFGIVYVDYSTQKRIVKDSGYWYSNVVKNNGLED",467,"polypeptide(L)",53.026
"4HZ6","1","A","A","UniProt","Q0GMU3","NVKKFPEGFLWGAATSSYQIEGAWNEDGKGESIWDRFTRIPGKIKNGDSGDVACDHYHRYEQDLDLMRQLGLKTYRFSIAWARIQPDSSRQINQRGLDFYRRLVEGLHKRDILPMATLYHWDLPQWVEDEGGWLSRESASRFAEYTHALVAALGDQIPLWVTHNEPMVTVWAGYHMGLFAPGLKDPTLGGRVAHHLLLSHGQALQAFRALSPAGSQMGITLNFNTIYPVSAEPADVEAARRMHSFQNELFLEPLIRGQYNQATLMAYPNLPEFIAPEDMQTISAPIDFLGVNYYNPMRVKSSPQPPGIEVVQVESPVTAMGWEIAPEGLYDLLMGITRTYGKLPIYITENGAAFDDQPDQSGQVNDPQRVGYFQGHIGAARRALADGVDLRGYYAWSLLDNFEWAEGYSKRFGIIYVDFETQQRTLKQSAQWYRDVIANNGLED",444,"polypeptide(L)",50.294
"4HZ7","1","A","A","UniProt","Q0GMU3","NVKKFPEGFLWGAATSSYQIEGAWNEDGKGESIWDRFTRIPGKIKNGDSGDVACDHYHRYEQDLDLMRQLGLKTYRFSIAWARIQPDSSRQINQRGLDFYRRLVEGLHKRDILPMATLYHWDLPQWVEDEGGWLSRESASRFAEYTHALVAALGDQIPLWVTHNEPMVTVWAGYHMGLFAPGLKDPTLGGRVAHHLLLSHGQALQAFRALSPAGSQMGITLNFNTIYPVSAEPADVEAARRMHSFQNELFLEPLIRGQYNQATLMAYPNLPEFIAPEDMQTISAPIDFLGVNYYNPMRVKSSPQPPGIEVVQVESPVTAMGWEIAPEGLYDLLMGITRTYGKLPIYITENGAAFDDQPDQSGQVNDPQRVGYFQGHIGAARRALADGVDLRGYYAWSLLDNFEWAEGYSKRFGIIYVDFETQQRTLKQSAQWYRDVIANNGLED",444,"polypeptide(L)",50.294
"4HZ8","1","A","A","UniProt","Q0GMU3","NVKKFPEGFLWGAATSSYQIEGAWNEDGKGESIWDRFTRIPGKIKNGDSGDVACDHYHRYEQDLDLMRQLGLKTYRFSIAWARIQPDSSRQINQRGLDFYRRLVEGLHKRDILPMATLYHWDLPQWVEDEGGWLSRESASRFAEYTHALVAALGDQIPLWVTHNEPMVTVWAGYHMGLFAPGLKDPTLGGRVAHHLLLSHGQALQAFRALSPAGSQMGITLNFNTIYPVSAEPADVEAARRMHSFQNELFLEPLIRGQYNQATLMAYPNLPEFIAPEDMQTISAPIDFLGVNYYNPMRVKSSPQPPGIEVVQVESPVTAMGWEIAPEGLYDLLMGITRTYGKLPIYITENGAAFDDQPDQSGQVNDPQRVGYFQGHIGAARRALADGVDLRGYYAWSLLDNFEWAEGYSKRFGIIYVDFETQQRTLKQSAQWYRDVIANNGLED",444,"polypeptide(L)",50.294
"4I3G","1","A, B","A, B","UniProt","C5IXN7","MVTGKTRIPRVRRGRTTPRAFTLAVVGTLLAGTTVAAAAPGAADTANVQYTSRAAELVAQMTLDEKISFVHWALDPDRQNVGYLPGVPRLGIPELRAADGPNGIRLVGQTATALPAPVALASTFDDTMADSYGKVMGRDGRALNQDMVLGPMMNNIRVPHGGRNYETFSEDPLVSSRTAVAQIKGIQGAGLMTTAKHFAANNQENNRFSVNANVDEQTLREIEFPAFEASSKAGAASFMCAYNGLNGKPSCGNDELLNNVLRTQWGFQGWVMSDWLATPGTDAITKGLDQEMGVELPGDVPKGEPSPPAKFFGEALKTAVLNGTVPEAAVTRSAERIVGQMEKFGLLLATPAPRPERDKAGAQAVSRKVAENGAVLLRNEGQALPLAGDAGKSIAVIGPTAVDPKVTGLGSAHVVPDSAAAPLDTIKARAGAGATVTYETGEETFGTQIPAGNLSPAFNQGHQLEPGKAGALYDGTLTVPADGEYRIAVRATGGYATVQLGSHTIEAGQVYGKVSSPLLKLTKGTHKLTISGFAMSATPLSLELGWVTPAAADATIAEAVKSARKARTAVVFAYDDGTEGVDRPNLSLPGTQDKLISAVADANPNTIVVLNTGSSVLMPWLSKTRAVLDMWYPGQAGAEATAALLYGDVNPSGKLTQSFPAAENQHAVAGDPTSYPGVDNQQTYREGIHVGYRWFDKENVKPLFPFGHGLSYTSFTQSAPTVVRTSTGGLKVTVTVRNSGKRAGQEVVQAYLGASPNVTAPQAKKKLVGYTKVSLAAGEAKTVTVNVDRRQLQFWDAATDNWKTGTGNRLLQTGSSSADLRGSATVNVW",829,"polypeptide(L)",87.05
"4JHO","1","A","A","UniProt","A2YPH1","AMADITSLYKKAESAAAPFTYWLNPEIYDAGGLSRRAFPEGFVFGTAASAYQVEGMAKQGGRGPSIWDAFIEKPGTIPNNATADVTVDEYHRYKEDVNIMKNMGFDAYRFSISWSRIFPNGTGMVNQEGVDYYNRLIDYMVKKGIKPYANLYHYDLPLALHEQYLGWLSPNIVEAFADYADFCFQTFGDRVKDWFTFNEPRCVAALGYDNGFHAPGRCSGCDAGGNSTTEPYLAAHHLILSHAAAVKRYREKYQLYQKGRIGILLDFVWYEPFSDSNADRAAAQRARDFHLGWFLDPIIHGRYPYSMLEIVKDRMPTFSDEESRMVKDSIDYVGINHYTSFYMKDPGPWNLTPTSYQDDWHVGFAYERNGVPIGAQANSYWLYIVPWGINKAVTYVKETYGNPTMILSENGMDQPGNVSITQGVHDTVRIRYYRNYITELKKAIDDGAKVIGYFAWSLLDNFEWRLGYTSRFGIVYVDYKTLKRYPKDSAFWFKNMLSSKKRN",503,"polypeptide(L)",57.776
"4JIE","1","A","A","UniProt","A2YPH1","AMADITSLYKKAESAAAPFTYWLNPEIYDAGGLSRRAFPEGFVFGTAASAYQVEGMAKQGGRGPSIWDAFIEKPGTIPNNATADVTVDEYHRYKEDVNIMKNMGFDAYRFSISWSRIFPNGTGMVNQEGVDYYNRLIDYMVKKGIKPYANLYHYDLPLALHEQYLGWLSPNIVEAFADYADFCFQTFGDRVKDWFTFNEPRCVAALGYDNGFHAPGRCSGCDAGGNSTTEPYLAAHHLILSHAAAVKRYREKYQLYQKGRIGILLDFVWYEPFSDSNADRAAAQRARDFHLGWFLDPIIHGRYPYSMLEIVKDRMPTFSDEESRMVKDSIDYVGINHYTSFYMKDPGPWNLTPTSYQDDWHVGFAYERNGVPIGAQANSYWLYIVPWGINKAVTYVKETYGNPTMILSENGMDQPGNVSITQGVHDTVRIRYYRNYITELKKAIDDGAKVIGYFAWSLLDNFEWRLGYTSRFGIVYVDYKTLKRYPKDSAFWFKNMLSSKKRN",503,"polypeptide(L)",57.776
"4MDO","1","A","A","UniProt","O93784","MGSSHHHHHHSSGLVPRGSHMASMSLPPDFKWGFATAAYQIEGSVNEDGRGPSIWDTFCAIPGKIADGSSGAVACDSYKRTKEDIALLKELGANSYRFSISWSRIIPLGGRNDPINQKGIDHYVKFVDDLIEAGITPFITLFHWDLPDALDKRYGGFLNKEEFAADFENYARIMFKAIPKCKHWITFNEPWCSAILGYNTGYFAPGHTSDRSKSPVGDSAREPWIVGHNILIAHARAVKAYREDFKPTQGGEIGITLNGDATLPWDPEDPADIEACDRKIEFAISWFADPIYFGKYPDSMRKQLGDRLPEFTPEEVALVKGSNDFYGMNHYTANYIKHKTGVPPEDDFLGNLETLFYNKYGDCIGPETQSFWLRPHAQGFRDLLNWLSKRYGYPKIYVTENGTSLKGENDMPLEQVLEDDFRVKYFNDYVRAMAAAVAEDGCNVRGYLAWSLLDNFEWAEGYETRFGVTYVDYANDQKRYPKKSAKSLKPLFDSLIRKE",499,"polypeptide(L)",56.587
"4MDP","1","A","A","UniProt","O93784","MGSSHHHHHHSSGLVPRGSHMASMSLPPDFKWGFATAAYQIEGSVNEDGRGPSIWDTFCAIPGKIADGSSGAVACDSYKRTKEDIALLKELGANSYRFSISWSRIIPLGGRNDPINQKGIDHYVKFVDDLIEAGITPFITLFHWDLPDALDKRYGGFLNKEEFAADFENYARIMFKAIPKCKHWITFNEPWCSAILGYNTGYFAPGHTSDRSKSPVGDSAREPWIVGHNILIAHARAVKAYREDFKPTQGGEIGITLNGDATLPWDPEDPADIEACDRKIEFAISWFADPIYFGKYPDSMRKQLGDRLPEFTPEEVALVKGSNDFYGMNHYTANYIKHKTGVPPEDDFLGNLETLFYNKYGDCIGPETQSFWLRPHAQGFRDLLNWLSKRYGYPKIYVTENGTSLKGENDMPLEQVLEDDFRVKYFNDYVRAMAAAVAEDGCNVRGYLAWSLLDNFEWAEGYETRFGVTYVDYANDQKRYPKKSAKSLKPLFDSLIRKE",499,"polypeptide(L)",56.587
"4PTV","1","A, B","A, B","UniProt","B8CYA8","SMAKIIFPEDFIWGAATSSYQIEGAFNEDGKGESIWDRFSHTPGKIENGDTGDIACDHYHLYREDIELMKEIGIRSYRFSTSWPRILPEGKGRVNQKGLDFYKRLVDNLLKANIRPMITLYHWDLPQALQDKGGWTNRDTAKYFAEYARLMFEEFNGLVDLWVTHNEPWVVAFEGHAFGNHAPGTKDFKTALQVAHHLLLSHGMAVDIFREEDLPGEIGITLNLTPAYPAGDSEKDVKAASLLDDYINAWFLSPVFKGSYPEELHHIYEQNLGAFTTQPGDMDIISRDIDFLGINYYSRMVVRHKPGDNLFNAEVVKMEDRPSTEMGWEIYPQGLYDILVRVNKEYTDKPLYITENGAAFDDKLTEEGKIHDEKRINYLGDHFKQAYKALKDGVPLRGYYVWSLMDNFEWAYGYSKRFGLIYVDYENGNRRFLKDSALWYREVIEKGQVEAN",452,"polypeptide(L)",52.286
"4PTW","1","A, B","A, B","UniProt","B8CYA8","SMAKIIFPEDFIWGAATSSYQIEGAFNEDGKGESIWDRFSHTPGKIENGDTGDIACDHYHLYREDIELMKEIGIRSYRFSTSWPRILPEGKGRVNQKGLDFYKRLVDNLLKANIRPMITLYHWDLPQALQDKGGWTNRDTAKYFAEYARLMFEEFNGLVDLWVTHNEPWVVAFEGHAFGNHAPGTKDFKTALQVAHHLLLSHGMAVDIFREEDLPGEIGITLNLTPAYPAGDSEKDVKAASLLDDYINAWFLSPVFKGSYPEELHHIYEQNLGAFTTQPGDMDIISRDIDFLGINYYSRMVVRHKPGDNLFNAEVVKMEDRPSTEMGWEIYPQGLYDILVRVNKEYTDKPLYITENGAAFDDKLTEEGKIHDEKRINYLGDHFKQAYKALKDGVPLRGYYVWSLMDNFEWAYGYSKRFGLIYVDYENGNRRFLKDSALWYREVIEKGQVEAN",452,"polypeptide(L)",52.286
"4PTX","1","A, B","A, B","UniProt","B8CYA8","SMAKIIFPEDFIWGAATSSYQIEGAFNEDGKGESIWDRFSHTPGKIENGDTGDIACDHYHLYREDIELMKEIGIRSYRFSTSWPRILPEGKGRVNQKGLDFYKRLVDNLLKANIRPMITLYHWDLPQALQDKGGWTNRDTAKYFAEYARLMFEEFNGLVDLWVTHNEPWVVAFEGHAFGNHAPGTKDFKTALQVAHHLLLSHGMAVDIFREEDLPGEIGITLNLTPAYPAGDSEKDVKAASLLDDYINAWFLSPVFKGSYPEELHHIYEQNLGAFTTQPGDMDIISRDIDFLGINYYSRMVVRHKPGDNLFNAEVVKMEDRPSTEMGWEIYPQGLYDILVRVNKEYTDKPLYITENGAAFDDKLTEEGKIHDEKRINYLGDHFKQAYKALKDGVPLRGYYVWSLMDNFEWAYGYSKRFGLIYVDYENGNRRFLKDSALWYREVIEKGQVEAN",452,"polypeptide(L)",52.286
"4RE2","1","A","A","UniProt","A2YPH1","AMADITSLYKKAGSAAAPFTYWLNPEIYDAGGLSRRAFPEGFVFGTAASAYQVEGMAKQGGRGPSIWDAFIEKPGTIPNNATADVTVDEYHRYKEDVNIMKNMGFDAYRFSISWSRIFPNGTGMVNQEGVDYYNRLIDYMVKKGIKPYANLYHYDLPLALHEQYLGWLSPNIVEAFADYADFCFQTFGDRVKDWFTFNEPRCVAALGYDNGFHAPGRCSGCDAGGNSTTEPYLAAHHLILSHAAAVKRYREKYQLYQKGRIGILLDFVWYEPFSDSNADRAAAQRARDFHLGWFLDPIIHGRYPYSMLEIVKDRMPTFSDEESRMVKDSIDYVGINHYTSFYMKDPGPWNLTPTSYQDDWHVGFAYERNGVPIGAQANSYWLYIVPWGINKAVTYVKETYGNPTMILSENGMDQPGNVSITQGVHDTVRIRYYRNYITELKKAIDDGAKVIGYFAWSLLDNFEWRLGYTSRFGIVYVDYKTLKRYPKDSAFWFKNMLSSKKRN",503,"polypeptide(L)",57.704
"4RE3","1","A","A","UniProt","A2YPH1","AMADITSLYKKAGSAAAPFTYWLNPEIYDAGGLSRRAFPEGFVFGTAASAYQVEGMAKQGGRGPSIWDAFIEKPGTIPNNATADVTVDEYHRYKEDVNIMKNMGFDAYRFSISWSRIFPNGTGMVNQEGVDYYNRLIDYMVKKGIKPYANLYHYDLPLALHEQYLGWLSPNIVEAFADYADFCFQTFGDRVKDWFTFNEPRCVAALGYDNGFHAPGRCSGCDAGGNSTTEPYLAAHHLILSHAAAVKRYREKYQLYQKGRIGILLDFVWYEPFSDSNADRAAAQRARDFHLGWFLDPIIHGRYPYSMLEIVKDRMPTFSDEESRMVKDSIDYVGINHYTSFYMKDPGPWNLTPTSYQDDWHVGFAYERNGVPIGAQANSYWLYIVPWGINKAVTYVKETYGNPTMILSENGMDQPGNVSITQGVHDTVRIRYYRNYITELKKAIDDGAKVIGYFAWSLLDNFEWRLGYTSRFGIVYVDYKTLKRYPKDSAFWFKNMLSSKKRN",503,"polypeptide(L)",57.704
"4RE4","1","A","A","UniProt","A2YPH1","AMADITSLYKKAGSAAAPFTYWLNPEIYDAGGLSRRAFPEGFVFGTAASAYQVEGMAKQGGRGPSIWDAFIEKPGTIPNNATADVTVDEYHRYKEDVNIMKNMGFDAYRFSISWSRIFPNGTGMVNQEGVDYYNRLIDYMVKKGIKPYANLYHYDLPLALHEQYLGWLSPNIVEAFADYADFCFQTFGDRVKDWFTFNEPRCVAALGYDNGFHAPGRCSGCDAGGNSTTEPYLAAHHLILSHAAAVKRYREKYQLYQKGRIGILLDFVWYEPFSDSNADRAAAQRARDFHLGWFLDPIIHGRYPYSMLEIVKDRMPTFSDEESRMVKDSIDYVGINHYTSFYMKDPGPWNLTPTSYQDDWHVGFAYERNGVPIGAQANSYWLYIVPWGINKAVTYVKETYGNPTMILSENGMDQPGNVSITQGVHDTVRIRYYRNYITELKKAIDDGAKVIGYFAWSLLDNFEWRLGYTSRFGIVYVDYKTLKRYPKDSAFWFKNMLSSKKRN",503,"polypeptide(L)",57.704
"5CG0","1","A, B, C, D, E, F","A, B, C, D, E, F","UniProt","O61594","QQRRFPDDFLFGTATASYQIEGAWDEDGKGENIWDYMVHNTPEVIRDLSNGDIAADSYHNYKRDVEMMRELGLDAYRFSLSWARILPTGMANEVNPAGIAFYNNYIDEMLKYNITPLITLYHWDLPQKLQELGGFANPLISDWFEDYARVVFENFGDRVKMFITFNEPREICFEGYGSATKAPILNATAMGAYLCAKNLVTAHAKAYYLYDREFRPVQGGQCGITISVNWFGPATPTPEDEMAAELRRQGEWGIYAHPIFSAEGGFPKELSDKIAEKSAQQGYPWSRLPEFTEEEKAFVRGTSDFFGVNHYTAFLVSATERKGPYPVPSLLDDVDTGSWADDSWLKSASAWLTLAPNSIHTALTHLNNLYNKPVFYITENGWSTDESRENSLIDDDRIQYYRASMESLLNCLDDGINLKGYMAWSLMDNFEWMEGYIERFGLYEVDFSDPARTRTPRKAAFVYKHIIKHRVVDYEYEPETMVMTIDEGH",489,"polypeptide(L)",56.178
"5DT5","1","A, B, C, D, E, F, G, H","A, B, C, D, E, F, G, H","UniProt","K0A8J9","MGSSHHHHHHSSGLVPRGSHMASMKFAPNFVFGTATSSYQIEGAHDEGGRTPSIWDTFCDTDGKVFEKHNGDVACDHYHRFEEDIQHIKQLGVDTYRFSIAWPRIFPSKGQFNPEGMAFYKTLATRLQEEGIKPAVTLYHWDLPMWAHEEGGWVNRDSVDWFLDFARVCFEELDGIVDSWITHNEPWCAGFLSYHLGQHAPGHTDMNEAVRAVHHMLLSHGKAVEMLKGEFNSATPIGITLNLAPKYAKTDSINDQIAMNNADGYANRWFLDPIFKGQYPVDMMNLFSKYVHTYDFIHAGDLATISTPCDFFGINFYSRNLVEFSAASDFLHKDAYSDYDKTGMGWDIAPSEFKDLIRRLRAEYTDLPIYITENGAAFDDQLVDGKIHDQNRIDYVAQHLQAVSDLNDEGMNIAGYYLWSLLDNFEWSFGYDKRFGIIYVDFDTQERIWKDSAHWYANVIQTHKAALPQEA",471,"polypeptide(L)",53.993
"5DT7","1","A, B, C, D","A, B, C, D","UniProt","K0A8J9","MGSSHHHHHHSSGLVPRGSHMASMKFAPNFVFGTATSSYQIEGAHDEGGRTPSIWDTFCDTDGKVFEKHNGDVACDHYHRFEEDIQHIKQLGVDTYRFSIAWPRIFPSKGQFNPEGMAFYKTLATRLQEEGIKPAVTLYHWDLPMWAHEEGGWVNRDSVDWFLDFARVCFEELDGIVDSWITHNEPWCAGFLSYHLGQHAPGHTDMNEAVRAVHHMLLSHGKAVEMLKGEFNSATPIGITLNLAPKYAKTDSINDQIAMNNADGYANRWFLDPIFKGQYPVDMMNLFSKYVHTYDFIHAGDLATISTPCDFFGINFYSRNLVEFSAASDFLHKDAYSDYDKTGMGWDIAPSEFKDLIRRLRAEYTDLPIYITENGAAFDDQLVDGKIHDQNRIDYVAQHLQAVSDLNDEGMNIAGYYLWSLLDNFEWSFGYDKRFGIIYVDFDTQERIWKDSAHWYANVIQTHKAALPQEA",471,"polypeptide(L)",53.993
"5FOO","1","A, B, C, D, E, F","A, B, C, D, E, F","UniProt","Q99YP9","MLAFPKEFWWGGATSGPQSEGRFAKQHRNLFDYWYEEEPDLFYDYVGPDTASDAYHQIESDLTLLASLGHNSYRTSIQWTRLIDDFEQATINPDGLAYYNRVIDACLANGIRPVINLHHFDLPIALYQAYGGWESKHVVDLFVAFSKVCFEQFGDRVKDWFVHNEPMVVVEGSYLMQFHYPAIVDGKKAVQVAYNLALATAKVIQAYRRGPAELSDGRIGTILNLTPAYPASQSEADMAAAHFAELWNNDLFMEAAVHGKFPEELVAVLKKDGVLWQSTPEELALIAENRVDYLGLNFYHPKRVKAPDAIPVISPSWSPEWYYDPYLMPGHRMNVDKGWEIYPEAVYDIAIKMRDHYDNIPWFLSENGVGISGEDRYRDETGQIQDDYRIQFLKEHLTYLHKGIEAGSNCFGYHVWTPIDGWSWLNAYKNRYGLVENNIHTQVRRPKASAYWFKKVATHNRLISLEVMEEFGGSASHLSD",480,"polypeptide(L)",55.153
"5JBK","1","A, B","A, B","UniProt","A0A0F9ZQA8","MMLPKDFQWGFATAAYQIEGAIDKDGRGPSIWDTFCAIPGKIADGTSGVTACDSYNRTAEDIALLKSLGAKSYRFSISWSRIIPKGGRDDPVNQLGIDHYAQFVDDLLEAGITPFITLFHWDLPEELHQRYGGLLNRTEFPLDFENYARVMFKALPKVRNWITFNEPLCSAIPGYGSGTFAPGRQSTTEPWIVGHNLLVAHGRAVKVYRDEFKDLNDGQIGIVLNGDFTYPWDSSDPLDREAAERRLEFFTAWYADPIYLGDYPASMRKQLGDRLPEFTPEEKAFVLGSNDFYGMNHYTSNYIRHRTSPATADDTVGNVDVLFYNKEGQCIGPETESSWLRPCPAGFRDFLVWISKRYNYPKIYVTENGTSLKGENDLPKEKILEDDFRVNYYNEYIRAMFTAATLDGVNVKGYFAWSLMDNFEWADGYVTRFGVTYVDYENGQQRFPKKSAKSLKPLFDELIAKE",466,"polypeptide(L)",53.153
"5JBO","1","A","A","UniProt","A0A0F9XM91","MMSESLSLPKDFEWGFATAAYQIEGAVKEGGRGPSIWDTYCHLEPSRTNGANGDVACDHYHRYDEDFDLLTKYGAKAYRFSLSWSRIIPLGGRLDPINEEGIQFYSNLIDALLKRGVTPWVTLYHWDLPQALHDRYGGWLNVKEVQLDFERYARLCFERFGDRVKNWITINEPWIQSIYGYATGSNAPGRSSINKHSTEGDTTTEPWLAGKAQIMSHARAVAVYSKDFRASQKGQIGISLNGDYYEPWDSSDPRDKEAAERRMEFHIGWYANPIFLKKDYPASMRKQLGDRLPALTPADFAILNAGETDFYGMNYYTSQFARHYEGPVPKTDFLGAIHEHQENKDGSPVGEESGIFWLRSCPDMFRKHLARVHGLYGKPIYITENGCPCPGEDKMTCEEAINDPFRIQYFDSHLDSISKAISQDGVVVKGYFAWALLDNLEWSDGYGPRFGVTYTDYTTLKRTPKKSALVLKDMFADRQRVKVAA",485,"polypeptide(L)",55.312
"5JU6","1","A, B, C, D","A, B, C, D","UniProt","Q8TGI8","MRNGLLKVAALAAASAVNGENLAYSPPFYPSPWANGQGDWAEAYQKAVQFVSQLTLAEKVNLTTGTGWEQDRCVGQVGSIPRLGFPGLCMQDSPLGVRDTDYNSAFPAGVNVAATWDRNLAYRRGVAMGEEHRGKGVDVQLGPVAGPLGRSPDAGRNWEGFAPDPVLTGNMMASTIQGIQDAGVIACAKHFILYEQEHFRQGAQDGYDISDSISANADDKTMHELYLWPFADAVRAGVGSVMCSYNQVNNSYACSNSYTMNKLLKSELGFQGFVMTDWGGHHSGVGSALAGLDMSMPGDIAFDSGTSFWGTNLTVAVLNGSIPEWRVDDMAVRIMSAYYKVGRDRYSVPINFDSWTLDTYGPEHYAVGQGQTKINEHVDVRGNHAEIIHEIGAASAVLLKNKGGLPLTGTERFVGVFGKDAGSNPWGVNGCSDRGCDNGTLAMGWGSGTANFPYLVTPEQAIQREVLSRNGTFTGITDNGALAEMAAAASQADTCLVFANADSGEGYITVDGNEGDRKNLTLWQGADQVIHNVSANCNNTVVVLHTVGPVLIDDWYDHPNVTAILWAGLPGQESGNSLVDVLYGRVNPGKTPFTWGRARDDYGAPLIVKPNNGKGAPQQDFTEGIFIDYRRFDKYNITPIYEFGFGLSYTTFEFSQLNVQPINAPPYTPASGFTKAAQSFGQPSNASDNLYPSDIERVPLYIYPWLNSTDLKASANDPDYGLPTEKYVPPNATNGDPQPIDPAGGAPGGNPSLYEPVARVTTIITNTGKVTGDEVPQLYVSLGGPDDAPKVLRGFDRITLAPGQQYLWTTTLTRRDISNWDPVTQNWVVTNYTKTIYVGNSSRNLPLQAPLKPYPGI",857,"polypeptide(L)",92.457
"5M6G","1","A","A","UniProt","A4FNP6","MPLARIPRARRAVATLVGLAATVLLTAAAVPSADAGRPAYRDPRLPVPDRVDDLMARMSLDDKLGQMVQVERKAAGPQAVADHRIGSVLSGGGSAPEPNTPQAWADMYDSYQRAALSTPLGIPLIYGVDAVHGHNNVHGATIYPHNIGLGATGNPDLVQRIGAATAEEVAATGIDWSFAPCVCVARDDRWGRTYESFGEKSENASAMTSAVTGLQGEALGATPSSVMATAKHYVGDGGTTGGDDQGNTEISEQELREIHLPPFREAIARGVGSVMVSYSSWNGEKLHASTYLVNDVLKGELGFTGLVVSDYDAIDKLDGQEDFTPDEVRASVNAGIDMFMMSSRHEKFIDYLRAEVEAGRVPAERIDDANRRILTKKFELGLFERPFAQRDLLPTVGSAEHRELARQAVRESQVLLRNDGVLPLAKDGGKLFVAGKNADDIGNQSGGWTISWQGSSGDITEGTTILEGIRAAASGSEVTYDRHGNGVDGSYRAAIAVVGETPYAEFEGDRPGGLGLDEEDRATIAKLRASGVPVVVVTVSGRPLDIAGEVDGWNALLASWLPGSEGQGVADVLFGDHNPTGKLPMTWMRSFDQLPINDGDGQDPLFPHGFGLSYG",615,"polypeptide(L)",65.38
"5NBS","1","A, B","A, B","UniProt","Q7RWP2","APEPIHPSHQQLNKRSLAYSEPHYPSPWMDPKAIGWEEAYEKAKAFVSQLTLLEKVNLTTGIGWGAEQCVGQTGAIPRLGLKSMCMQDAPLAIRGTDYNSVFPAGVTTAATFDRGLMYKRGYALGQEAKGKGVTVLLGPVAGPLGRAPEGGRNWEGFSTDPVLTGIAMAETIKGTQDAGVVACAKHFIGNEQEHFRQVGESQDYGYNISETLSSNIDDKTMHEMYLWPFVDAIRAGVGSFMCAYTQANNSYSCQNSKLLNNLLKQENGFQGFVMSDWQAHHSGVASAAAGLDMSMPGDTMFNSGRSYWGTNLTLAVLNGTVPQWRIDDMAMRIMAAFFKVGQTVEDQEPINFSFWTLDTYGPLHWAARKDYQQINWHVNVQGDHGSLIREIAARGTVLLKNTGSLPLKKPKFLAVIGEDAGPNPLGPNGCADNRCNNGTLGIGWGSGTGNFPYLVTPDQALQARAVQDGSRYESVLRNHAPTEIKALVSQQDATAIVFVNANSGEGFIEIDGNKGDRLNLTLWNEGDALVKNVSSWCNNTIVVLHTPGPVLLTEWYDNPNITAILWAGMPGQESGNSITDVLYGRVNPSGRTPFTWGATRESYGTDVLYEPNNGNEAPQLDYTEGVFIDYRHFDKANASVLYEFGFGLSYTTFEYSNLKIEKHQVGEYTPTTGQTEAAPTFGNFSESVEDYVFPAAEFPYVYQFIYPYLNSTDMSASSGDAQYGQTAEEFLPPKANDGSAQPLLRSSGLHHPGGNPALYDIMYTVTADITNTGKVAGDEVPQLYVSLGGPEDPKVVLRGFDRLRVEPGEKVQFKAVLTRRDVSSWDTVKQDWVITEYAKKVYVGPSSRKLDLEEVLP",857,"polypeptide(L)",93.909
"5WAB","1","A, B, C, D","A, B, C, D","UniProt","A1A2P2","MSENTYPSVNDLTLEEKASLTSGGDAWHLQGVEAKGIPGYMITDGPHGLRKSNSATTGEVDLNNSVPATCFPPAAGLSSSWNPELIHQVGEAMAEECIQEKVAVILGPGVNIKRNPLGGRCFEYWSEDPYLAGHEAVGIVAGVQSKGVGTSLKHFAANNQETDRLRVSANISQRALREIYFPAFEHIVKTAQPWTIMCSYNRINGVHSAQNRWLLTDVLRDEWGYEGIVMSDWGADHDRVASLNAGLNLEMPPSYTDDQIVYAARDGRIQPEQLDRMAQGMVDLVNKTRSAMSIDDYHFDVDAHDEVAHQAAIESMVLLKNDDDILPVAANAKIAVIGEFARTPRYQGGGSSHITPTKMTSFLDTLAARGVDVAFAPGFTLDLEPADRTLEAEAVETAKNADVVLMFLGLPEAAESEGFDRETLDIPAKQVELLKAVAAENKNIVVVLSNGSVVSVAPWAGNAKGILESWLLGQAGGPALADVIFGKVSPSGKLAQTIPMNINDDPSMINWPGEEGHVDYGEGVFVGYRYYDTYDKAVDYPFGFGLSYATFAIDGVNVAKTGANTAHVTATVTNTSDVDAAETVQVYVAPGKAAVARPKHELKGFRKVFLKAGESAEITFDLDERAFAYWSEKFNDWHVEAGEYTVEVGTSSRDIAAVAVVTLDGDGKALPLDEWSTFGEWADDPVGSKIVASVYAEGEAGNLPQLPDNDMMRMFLKSMPINSMPMLMSDGGKAITAFMLDEYAKIAETAE",751,"polypeptide(L)",81.195
"5WUG","1","A","A","UniProt","A0A1P8VKA0","MGSSHHHHHHSSGLVPRGSHMASMSKSMLGVPLEGFAEYSRIAAAEGGVLLKNENAMLPIRAHEIVSVFGRCQIDYYRSGTGSGGAVNVPYVVNILDGLRANPRIQVNEQLAKQYEQWIAENPFDNGGGGWAAEPWCQKEMPLTDEIVAQAKQASSKAIVIIGRTAGEDKDNADTEGSYRLTEQERLNLETVTRHFDQVAVLMNVANVIDMSWINDPVHQGRIRAVMFVWQGGMIGGHAVADLLSGDVTPSGKLPDTIAHHIEDYPSTANFGSEERNLYEEDIYVGYRYFETFCPDKVLFPFGYGLSYTSFAWKVQGVKLEGAGTDAQLEVQVEVTNTGSEFSGKEVIQLYYEAPQGVLGKPARALGAFAKTKLLQPGESDVLTLQLPVRRMASYDDGGYTGHKSCYVLEAGDYEFHVGNSIRNTERVTVDGKAAYQLAELMVVEQLEEAAAPTQRFSRLKPGRRKPDGTYEIVREEVPQRTISLKERIERRLPEAYPQTGNRGIKLKDVQAGKASLEEFVAQLSDEDLATIVRGEGMSSPKVTPGTASAFGGVGENLLEYGIPVACTADGPSGIRMDSGLKATQLPIGTLLASSWDVDLVESLYVLEGKELLQNEIDTLLGPGINIHRHPLNGRNFEYFSEDPYLTGCFASAVTRGIKKGGSSATVKHFAGNNQEKARSKVDAVVSERALREIYLKGFEMAVKEGEATSIMTSYNPVNGHWAASNYDLNTTILRNEWGYQGIVMTDWWAVMNDCVEGGPADLKNTSFMVRAQNDLYMVVNNDGAEINSLGDNTLEALANGTLTVGELQRCAMNICRFLLNAPALAREPKPVHEVRLIQAAQGDLPIASAGVNVYTLSRSQSAKVLANAETAVVKVQEAGVYTVTAHIRYEAMNLSQSACNLLLNGELLTTVQTNGTLGRWVTQKQLRIELTEGDYELKFDYIKPGLEIEWIEFI",955,"polypeptide(L)",104.764
"5WVP","1","A","A","UniProt","A0A1P8VKA0","MGSSHHHHHHSSGLVPRGSHMASMSKSMLGVPLEGFAEYSRIAAAEGGVLLKNENAMLPIRAHEIVSVFGRCQIDYYRSGTGSGGAVNVPYVVNILDGLRANPRIQVNEQLAKQYEQWIAENPFDNGGGGWAAEPWCQKEMPLTDEIVAQAKQASSKAIVIIGRTAGEDKDNADTEGSYRLTEQERLNLETVTRHFDQVAVLMNVANVIDMSWINDPVHQGRIRAVMFVWQGGMIGGHAVADLLSGDVTPSGKLPDTIAHHIEDYPSTANFGSEERNLYEEDIYVGYRYFETFCPDKVLFPFGYGLSYTSFAWKVQGVKLEGAGTDAQLEVQVEVTNTGSEFSGKEVIQLYYEAPQGVLGKPARALGAFAKTKLLQPGESDVLTLQLPVRRMASYDDGGYTGHKSCYVLEAGDYEFHVGNSIRNTERVTVDGKAAYQLAELMVVEQLEEAAAPTQRFSRLKPGRRKPDGTYEIVREEVPQRTISLKERIERRLPEAYPQTGNRGIKLKDVQAGKASLEEFVAQLSDEDLATIVRGEGMSSPKVTPGTASAFGGVGENLLEYGIPVACTADGPSGIRMDSGLKATQLPIGTLLASSWDVDLVESLYVLEGKELLQNEIDTLLGPGINIHRHPLNGRNFEYFSEDPYLTGCFASAVTRGIKKGGSSATVKHFAGNNQEKARSKVDAVVSERALREIYLKGFEMAVKEGEATSIMTSYNPVNGHWAASNYDLNTTILRNEWGYQGIVMTDWWAVMNDCVEGGPADLKNTSFMVRAQNDLYMVVNNDGAEINSLGDNTLEALANGTLTVGELQRCAMNICRFLLNAPALAREPKPVHEVRLIQAAQGDLPIASAGVNVYTLSRSQSAKVLANAETAVVKVQEAGVYTVTAHIRYEAMNLSQSACNLLLNGELLTTVQTNGTLGRWVTQKQLRIELTEGDYELKFDYIKPGLEIEWIEFI",955,"polypeptide(L)",104.764
"5XGZ","1","A, B","A, B","UniProt","A0A1E1FFN6","VSTQNEPHRFPPDFQWGVATSSYQIEGAVEADGRSPSIWDTFCARPGAIADGSTGAIANDHYHRYREDIAIMKQLGVNAYRFSIAWPRILPDGRGRVNQAGVDFYERLVDSLLEQGIEPYATLYHWDMPQVQHDRTPWYDRGVVDAFVEYTDVITRRLSDRVKYWMTLNEPWVISFLGYGAGEHAPGLRDKELYLRAAHHVLLAHGKAMPVIRANGNAQTKAGIVLNLNWVNAASDSPEDQAAARRYDQFFNRWFAEPLYNGRYPEELLEWYGRDLVPVQPGDFDIITTPTDFLAVNYYARTTVKAGSTDPMLQVDFVRPPGEYTAMDWEVYPQGLYNILNWLHTDYAPPALYVTENGAAYDDQVSAAGEVDDPQRLAYLEGHFEAAYRAIQAGIPLKGYFVWSLMDNFEWGRGFEKRFGIVFVDYATQQRIIKRSGKWFSQVTRANGLPAPQTTLE",457,"polypeptide(L)",52.086
"5YJ7","1","A, B, C, D","A, B, C, D","UniProt","A0A452CSM4","MDVTCWKYAIPGEPGGELTAEEVFASKDTAFPEGFLWGAATAAYQIEGAAAEDGRGPSMWDTFSKIPGKIDNGDTGDVACDHYHRYKEDVKLMKGMGLKSYRFSVSWSRVLPEGTGAINPKGMEFYQNLTNELIANGIVPTVTLYHWDLPEALSKNGGWLNEDTAVAFGQYADVMFQALGDRVKLWFTLNEPWTTAIAGYGQGGHAPGLKNMAENPYMAGHNQLLGHAAAVKVYREKYQEKQGGKIGAVLSTEWKEPLCHTQEDKDAAERSLIWYLAWFADPIYKGDYPEEMKERVGDRMPAFTEQQKQDLKGSADFFGINHYATNLLQGPTEKIGAENYFSDLNGWIMMDPRWAVGDASWLSVVPWGMRRLLRWIKHRYDDPVVYVTENGLSVPNESAMTPEAALNDKMRVDYLQGYVAEMWKAINYDKVKVAGYYHWSLLDNFEWSDGYKVRFGLVQVDYKTQKRTLKESAKVYKDMIAKYSGDTAPPDDAEAVARDAVKATPSAEAPLEHHHHHH",518,"polypeptide(L)",58.346
"6JFP","1","A, B","A, B","UniProt","A0A5B9BHU3","MIKFPDQFLWGAATSAYQIEGSPLADGAGPSIWHRFVHSPGLTAKGETGDIACDHYNRYRDDIALMRSLGLQAYRFSVNWGRIFPDGTGRLNSAGLDFYERLVDALLEAGIEPLATLYHWDLPAALDDRGGWLNPEIAHWFADYAGAMFERLDGRVKRWATLNEPWVITDGGYLHGALAPGHRNVFEAPIASRNLMLAHGAAVQRYRQAGKHEIGLVVNIEPKYPASESDSDRNAAARSDAYMNRQYLDPAFGLGCPTEMAEIFGPAWRDWTAEELALAAQPIDWLGINYYTRGVMKHDDAKPPVRADYVRQPGATYTETGWEVFEQGLTETLLWVKERYGDIPLYVTENGSAFDDPPTAQGGRLEDPARVDYLERHLRAVHAAIAGGADVRGYMAWSLLDNLEWSLGFSKRFGIVHIDFETQQRTPKDSARLYSTVIASNGAVLSESAGAAPRAEPGIASAAEKLAAALEHHHHHH",477,"polypeptide(L)",52.902
"6JXG","1","A","A","UniProt","A0A068FT77","PGDGDWAAAYKKATAALAKLSNTDKASIVTGVGWEKGPCVGNTAAVASIGLPELCYQDGPLGIRFVQNVTAFPTGIQTASTWDISLIYSRGLALGQEAKALGINVQLGPVAGPIGKIPEAGRNWEGFSPDPYLNGLAMSNTITGMQDAGVQACAKHFIGNEQETNRDTMSSNIDDRTFHELYLWPFADAIKANVASIMCSYNKFNETYACENNFLTTILKGELDFQGFVVSDWAAQHTTIGSANAGLDVAMPGDNFGDNYYLWGSNLLAAISNGTVAQSRLDDMVTRILASWYFVGQDQGYPAVTWSSWNGGLGGPNVQADHKQVARAIARDGIVLLTNKNKALPLKKPASLAIIGQDAIDNPAGINSCSDRGCDTGHLAMGWGSGTADFPYLVAPLDAITPLAQAQGTKLVLSTTDSTSAAASAAAAAETAIVFITADSGEGYITVDGQLGDRNSLAPWNNGTALVQAVASASKNVIVVINSVGPLILEDILALSSVKAIVWAGVSGQESGNGLADILYGSVSPSGKLPYTIAKQASDYGTAIVPGDDNFPEGLFVDYRHFDQANIQPRFEFGYGLSYTTFQYSQLTAKYSDTSAGSSTLAPGGPKGLYDIVATVTAKVTNSGTVSGAEVAQLYIGLPGSAPASPPKQLRGFDKISLKPGKSGTVTFNLRRKDLSYWDTASAQWVTPTSGEFSLYVGASSRDIRLQGSLKCSGQGIRKGGH",722,"polypeptide(L)",75.777
"6M6L","1","A, B","A, B","UniProt","D2PL27","FMVELSPLRQDFVWGTATSAYQIEGAVADDGRLPSIWDTFCRVPGAIDNGDTGDVACDSYHRWPEDLALLKQLGVDAYRFSIAWPRVIPTGSGAVNTAGLDYYDRVVDDLLAEGIKPFVTLYHWDLPQALQDLGGWDNRDTAYRFAEYAAVVGAKLGDRVRDWVTLNEPLCSAWIGHWEGRMAPGITDPAIAVRASYNLLLAHGLGVAALRDACPEPPAVGLVVNLSGCEPASQSPEDIRAARIADGHINRWWLDPTSGRGFPADMVETYGVELPERPGDLEIIAAPTDFIGLNYYFRQIIEADGSVPVLGFSQVPGPNAEHTMIDWEVHPAGLEELILRLAKEYGAEKIYVTENGSAWVDQPDAEFAVDDPDRTAYLEEHLAACVRAVEQGAPLAGYFAWSLMDNFEWAYGYAPRFGLAYVDYPTGTRVMKTSGKRYADLIRGHRE",447,"polypeptide(L)",49.331
"6M6M","1","A, B","A, B","UniProt","D2PL27","FMVELSPLRQDFVWGTATSAYQIEGAVADDGRLPSIWDTFCRVPGAIDNGDTGDVACDSYHRWPEDLALLKQLGVDAYRFSIAWPRVIPTGSGAVNTAGLDYYDRVVDDLLAEGIKPFVTLYHWDLPQALQDLGGWDNRDTAYRFAEYAAVVGAKLGDRVRDWVTLNEPLCSAWIGHWEGRMAPGITDPAIAVRASYNLLLAHGLGVAALRDACPEPPAVGLVVNLSGCEPASQSPEDIRAARIADGHFNRWWLDPTSGRGFPADMVETYGVELPERPGDLEIIAAPTDFIGLNYYFRQIIEADGSVPVLGFSQVPGPNAEHTMIDWEVHPAGLEELILRLAKEYGAEKIYVTENGSAWVDQPDAEFAVDDPDRTAYLEEHLAACVRAVEQGAPLAGYFAWSLMDNFEWARGYAPRFGLAYVDYPTGTRVMKTSGKRYADLIRGHRE",447,"polypeptide(L)",49.359
"6RJK","1","A, B","A, B","UniProt","A0A2I4PGZ0","MGSSHHHHHHSSGLVPRGSHMLEMDDERAYPMTDHKALAARFPGDFLFGVATASFQIEGATKVDGRKPSIWDAFCNMPGHVFGRHNGDVACDHYNRWEDDLDLIKEMGVEAYRFSIAWPRIIPDGFGPINEKGLDFYDRLVDGCKARGIKTYATLYHWDLPLTLMGDGGWASRSTAHAFQRYAKTVMARLGDRLDAVATFNEPWCAVWLSHLYGIHAPGERNMEAALAAMHHINLAHGFGVEASRHVAPKVPVGLVLNAHSVIPASNSDADMKAAERAFQFHNGAFFDPVFKGEYPAEMIEALGSRMPVVEAEDLSIISQKLDWWGLNYYTPMRVADDATEGAEFPATKQAPAVSDVKTDIGWEVYAPALHSLVETLYERYELPDCYITENGACYNMGVENGEVDDQPRLDYYAEHLGIVADLVKDGYPMRGYFAWSLMDNFEWAEGYRMRFGLVHVDYETQVRTLKNSGKWYSALASGFPKGNHGVMKG",490,"polypeptide(L)",54.874
"6RJM","1","A, B","A, B","UniProt","A0A2I4PGZ0","MGSSHHHHHHSSGLVPRGSHMLEMDDERAYPMTDHKALAARFPGDFLFGVATASFQIEGATKVDGRKPSIWDAFCNMPGHVFGRHNGDVACDHYNRWEDDLDLIKEMGVEAYRFSIAWPRIIPDGFGPINEKGLDFYDRLVDGCKARGIKTYATLYHWDLPLTLMGDGGWASRSTAHAFQRYAKTVMARLGDRLDAVATFNEPWCAVWLSHLYGIHAPGERNMEAALAAMHHINLAHGFGVEASRHVAPKVPVGLVLNAHSVIPASNSDADMKAAERAFQFHNGAFFDPVFKGEYPAEMIEALGSRMPVVEAEDLSIISQKLDWWGLNYYTPMRVADDATEGAEFPATKQAPAVSDVKTDIGWEVYAPALHSLVETLYERYELPDCYITENGACYNMGVENGEVDDQPRLDYYAEHLGIVADLVKDGYPMRGYFAWSLMDNFEWAEGYRMRFGLVHVDYETQVRTLKNSGKWYSALASGFPKGNHGVMKG",490,"polypeptide(L)",54.874
"6RJO","1","A, B","A, B","UniProt","A0A2I4PGZ0","MGSSHHHHHHSSGLVPRGSHMLEMDDERAYPMTDHKALAARFPGDFLFGVATASFQIEGATKVDGRKPSIWDAFCNMPGHVFGRHNGDVACDHYNRWEDDLDLIKEMGVEAYRFSIAWPRIIPDGFGPINEKGLDFYDRLVDGCKARGIKTYATLYHWDLPLTLMGDGGWASRSTAHAFQRYAKTVMARLGDRLDAVATFNSPWCAVWLSHLYGIHAPGERNMEAALAAMHHINLAHGFGVEASRHVAPKVPVGLVLNAHSVIPASNSDADMKAAERAFQFHNGAFFDPVFKGEYPAEMIEALGSRMPVVEAEDLSIISQKLDWWGLNYYTPMRVADDATEGAEFPATKQAPAVSDVKTDIGWEVYAPALHSLVETLYERYELPDCYITENGACYNMGVENGEVDDQPRLDYYAEHLGIVADLVKDGYPMRGYFAWSLMDNFEWAEGYRMRFGLVHVDYETQVRTLKNSGKWYSALASGFPKGNHGVMKG",490,"polypeptide(L)",54.832
"6RK2","1","A, B","A, B","UniProt","A0A2I4PGZ0","MGSSHHHHHHSSGLVPRGSHMLEMDDERAYPMTDHKALAARFPGDFLFGVATASFQIEGATKVDGRKPSIWDAFCNMPGHVFGRHNGDVACDHYNRWEDDLDLIKEMGVEAYRFSIAWPRIIPDGFGPINEKGLDFYDRLVDGCKARGIKTYATLYHWDLPLTLMGDGGWASRSTAHAFQRYAKTVMARLGDRLDAVATFNSPWCAVWLSHLYGIHAPGERNMEAALAAMHHINLAHGFGVEASRHVAPKVPVGLVLNAHSVIPASNSDADMKAAERAFQFHNGAFFDPVFKGEYPAEMIEALGSRMPVVEAEDLSIISQKLDWWGLNYYTPMRVADDATEGAEFPATKQAPAVSDVKTDIGWEVYAPALHSLVETLYERYELPDCYITENGACYNMGVENGEVDDQPRLDYYAEHLGIVADLVKDGYPMRGYFAWSLMDNFEWAEGYRMRFGLVHVDYETQVRTLKNSGKWYSALASGFPKGNHGVMKG",490,"polypeptide(L)",54.832
"6SZ6","1","A","A","UniProt","A6YRT4","WATSEPSYPSPWMNPNAAGWEQAYQWAKDFVSQMTLLEKVNLTTGVGWEGEQCVGQTGAIPRLGLRSLCLHDSPLGIRGTDYNSAFPSGQTTAATWDRTLFYKRGYAMGKEARGKGINVLLGPVAGPLGRMPAGGRNWEGFSPDPVLTGIAMAETVKGIQDAGVIACAKHLIGDEQEHFRQVGDGFDIDESLSSNIDDRTMHELYLWPFADAVRAGVGSVMCAYNQVNNSYSCHNSKLLNGLLKNELGFQGFVMSDWQAQHTGVASAVAGLDMTMPGDTVFNSGLSFWGANLTVAVLNGTLPAYRLDDMAMRIMAAFFKVRGTQDVDLDPINFSFWTLDTYGPIHWGAKEGHQQINFHVDVREDHSRLIREIAAKGTVLLKNEGALPLDKPKFLAVIGEDAGPNHNGPNSCDDRGCVGGTLAMGWGSGTANFPYLVTPDAALQAQAIKDGSRYESVLSNHAMETIRKVVSQDNVTAVVFVNANSGEGYITVDGNRGDRNNLTLWNGGDELIKNVASWCSNTIVVIHSVGPVLLTDWYDHPNITAILWAGLPGQESGNAITDVLYGKVNPAGRSPFTWGATREGYGADVLYDPDDARVPQQNFTEGVFIDYRYFDKHNTRVIYEFGHGLSYTTFEYRNLQIQKHNVSAYIPTTGLTEPAPTFGEHSTNYSDYLYPEGFHRANRYIYPYVNSTDLELASGDPYYGQTADQFLPPNATSSDPQPLLRSSGKNSPGGNPQLYDVLYTVTADITNTGALEGDEVVQLYVSLGGPDDPKVMLRDFARLHIKPGETVKFEGKLTRRDLSTWDVTLQDWVIRDHTKMVFLGKSSRKLVLGALLN",836,"polypeptide(L)",91.711
"6WIU","1","A, B, C, D, E, F, G, H, I, J, K, L, M, N, O, P","A, B, C, D, E, F, G, H, I, J, K, L, M, N, O, P","UniProt","C4L1S4","MGSSHHHHHHSSGLVPRGSHMMHFKKDFVFGTATSSYQIEGAHNEGGRTPSIWDMFCDIDGRVFEKHNGDVACDHYHRYEEDIQHIKKLGVDTYRFSIAWPRIFPAKGEYNPEGMAFYKNLALRLREEGIKPAVTIYHWDLPMWAHEEGGWVNRESVDWFLDYAKVCFEELDDIVDSWITHNEPWCAGFLGYHVGVHAPGHRDMNEAVRAVHHMLLSHGKAVELLKREMKSTTPIGITLNLSPMYAKTDSANDRLAMNNADGYSNRWFLDPVFKGEYPVDMMNLFSKYVHNFDFIQSGDMETISTACDFFGINFYSRGIVEFNAANDFLKADAYSDYEKTGMGWDIAPNEFKDLIRRLRAEYTDLPIYITENGAAFDDVLENGEVHDDNRIDYVRQHLEAVSDLNDEGMNIQGYYLWSLMDNFEWSFGYEKRFGILYIDFETQERIWKDSAKWYAGVIADHKAKHADSVEA",471,"polypeptide(L)",54.561
"7E5J","1","A","A","UniProt","I3VXG7","GSMLDFSKDFLFGVATASYQVEGAYNEDGRTMSIWDTFSRQDGKVYKSHNGDVACDHYHLYKDDVKMMKDLGIEAYRFSIAWPRIFPAKGQYNPKGMDFYKRLTDELLKNDIKPFATIYHWDLPQWADDLGGWLNREIVEWYGEYAEKLFSELGGYIKNWITLNEPWCSSFLSYFIGEHAPGHKDLGEALLVSHNLLLSHGKAVEIFRGLNLDDSKIGITLNLNEVFPASDSDDDKVAAQIADGFQNRWFLDPLFKGKYPQDMVEYFGKYAKVDFINDEDLKLISQKLDFLGVNYYTRAVVQKGNDGLLDAVQIDPGNERTEMGWEIYPESLYNILMRLKREYTYDMPLYITENGAAFNDVVEDDGRVHDEKRVEFLKQHFKEAKRFLNDGGNLKGYFVWSLMDNFEWAHGYSKRFGIVYVDYETEKRILKDSALWYKDLISTRTI",446,"polypeptide(L)",51.935
"7WDN","1","A","A","UniProt","A0A1E1FFN6","MVSTQNEPHRFPPDFQWGVATSSYQIEGAVEADGRSPSIWDTFCARPGAIADGSTGAIANDHYHRYREDIAIMKQLGVNAYRFSIAWPRILPDGRGRVNQAGVDFYERLVDSLLEQGIEPYATLYHWDMPQVQHDRTPWYDRGVVDAFVEYTDVITRRLSDRVKYWMTLNEPWVISFLGYGAGEHAPGLRDKELYLRAAHHVLLAHGKAMPVIRANGNAQTKAGIVLNLNWVNAASDSPEDQAAARRYDQFFNRWFAEPLYNGRYPEELLEWYGRDLVPVQPGDFDIITTPTDFLAVNYYARTTVKAGSTDPMLQVDFVRPPGEYTAMDWEVYPQGLYNILNWLHTDYAPPALYVTENGAAYDDQVSAAGEVDDPQRLAYLEGHFEAAYRAIQAGIPLKGYFVWSLMDNFEWGRGFEKRFGIVFVDYATQQRIIKRSGKWFSQVTRANGLPAPQTTL",457,"polypeptide(L)",52.088
"7WDO","1","A","A","UniProt","A0A1E1FFN6","MVSTQNEPHRFPPDFQWGVATSSYQIEGAVEADGRSPSIWDTFCARPGAIADGSTGAIANDHYHRYREDIAIMKQLGVNAYRFSIAWPRILPDGRGRVNQAGVDFYERLVDSLLEQGIEPYATLYHWDMPQVQHDRTPWYDRGVVDAFVEYTDVITRRLSDRVKYWMTLNEPWVISFLGYGAGEHAPGLRDKELYLRAAHHVLLAHGKAMPVIRANGNAQTKAGIVLNLNWVNAASDSPEDQAAARRYDQFFNRWFAEPLYNGRYPEELLEWYGRDLVPVQPGDFDIITTPTDFLAVNYYARTTVKAGSTDPMLQVDFVRPPGEYTAMDWEVYPQGLYNILNWLHTDYAPPALYVTENGAAYDDQVSAAGEVDDPQRLAYLEGHFEAAYRAIQAGIPLKGYFVWSLMDNFEWGRGFEKRFGIVFVDYATQQRIIKRSGKWFSQVTRANGLPAPQTTLP",458,"polypeptide(L)",52.185
"7WDP","1","A","A","UniProt","A0A1E1FFN6","MVSTQNEPHRFPPDFQWGVATSSYQIEGAVEADGRSPSIWDTFCARPGAIADGSTGAIANDHYHRYREDIAIMKQLGVNAYRFSIAWPRILPDGRGRVNQAGVDFYERLVDSLLEQGIEPYATLYHWDMPQVQHDRTPWYDRGVVDAFVEYTDVITRRLSDRVKYWMTLNEPWVISFLGYGAGEHAPGLRDKELYLRAAHHVLLAHGKAMPVIRANGNAQTKAGIVLNLNWVNAASDSPEDQAAARRYDQFFNRWFAEPLYNGRYPEELLEWYGRDLVPVQPGDFDIITTPTDFLAVNYYARTTVKAGSTDPMLQVDFVRPPGEYTAMDWEVYPQGLYNILNWLHTDYAPPALYVTENGAAYDDQVSAAGEVDDPQRLAYLEGHFEAAYRAIQAGIPLKGYFVWSLMDNFEWGRGFEKRFGIVFVDYATQQRIIKRSGKWFSQVTRANGLPAPQTTLP",458,"polypeptide(L)",52.185
"7WDR","1","A","A","UniProt","A0A1E1FFN6","MVSTQNEPHRFPPDFQWGVATSSYQIEGAVEADGRSPSIWDTFCARPGAIADGSTGAIANDHYHRYREDIAIMKQLGVNAYRFSIAWPRILPDGRGRVNQAGVDFYERLVDSLLEQGIEPYATLYHWDMPQVQHDRTPWYDRGVVDAFVEYTDVITRRLSDRVKYWMTLNEPWVISFLGYGAGEHAPGLRDKELYLRAAHHVLLAHGKAMPVIRANGNAQTKAGIVLNLNWVNAASDSPEDQAAARRYDQFFNRWFAEPLYNGRYPEELLEWYGRDLVPVQPGDFDIITTPTDFLAVNYYARTTVKAGSTDPMLQVDFVRPPGEYTAMDWEVYPQGLYNILNWLHTDYAPPALYVTANGAAYDDQVSAAGEVDDPQRLAYLEGHFEAAYRAIQAGIPLKGYFVWSLMDNFEWGRGFEKRFGIVFVDYATQQRIIKRSGKWFSQVTRANGLPAPQTTLP",458,"polypeptide(L)",52.127
"7WDS","1","A","A","UniProt","A0A1E1FFN6","MVSTQNEPHRFPPDFQWGVATSSYQIEGAVEADGRSPSIWDTFCARPGAIADGSTGAIANDHYHRYREDIAIMKQLGVNAYRFSIAWPRILPDGRGRVNQAGVDFYERLVDSLLEQGIEPYATLYHWDMPQVQHDRTPWYDRGVVDAFVEYTDVITRRLSDRVKYWMTLNEPWVISFLGYGAGEHAPGLRDKELYLRAAHHVLLAHGKAMPVIRANGNAQTKAGIVLNLNWVNAASDSPEDQAAARRYDQFFNRWFAEPLYNGRYPEELLEWYGRDLVPVQPGDFDIITTPTDFLAVNYYARTTVKAGSTDPMLQVDFVRPPGEYTAMDWEVYPQGLYNILNWLHTDYAPPALYVTENGAAYDDQVSAAGEVDDPQRLAYLEGHFEAAYRAIQAGIPLKGYFVWSLMDNFEWGRGFEKRFGIVFVDYATQQRIIKRSGKWFSQVTRANGLPAPQTTLP",458,"polypeptide(L)",52.185
"7WDV","1","A","A","UniProt","A0A1E1FFN6","MVSTQNEPHRFPPDFQWGVATSSYQIEGAVEADGRSPSIWDTFCARPGAIADGSTGAIANDHYHRYREDIAIMKQLGVNAYRFSIAWPRILPDGRGRVNQAGVDFYERLVDSLLEQGIEPYATLYHWDMPQVQHDRTPWYDRGVVDAFVEYTDVITRRLSDRVKYWMTLNEPWVISFLGYGAGEHAPGLRDKELYLRAAHHVLLAHGKAMPVIRANGNAQTKAGIVLNLNWVNAASDSPEDQAAARRYDQFFNRWFAEPLYNGRYPEELLEWYGRDLVPVQPGDFDIITTPTDFLAVNYYARTTVKAGSTDPMLQVDFVRPPGEYTAMDWEVYPQGLYNILNWLHTDYAPPALYVTANGAAYDDQVSAAGEVDDPQRLAYLEGHFEAAYRAIQAGIPLKGYFVWSLMDNFEWGRGFEKRFGIVFVDYATQQRIIKRSGKWFSQVTRANGLPAPQTTLP",458,"polypeptide(L)",52.127
"8HT0","1","A","A","UniProt","A0A2U8EHQ1","MAIIQLPKDFQWGVATAAYQIEGAYNEDGRGLSIWDTFSHTPGKVRNGDNGDIACDSYHRYKEDIKLMKELGVDIYRFSISWPRIFPTGRGPVNSKGLEFYHHFVDELIANGIEPMCTLYHWDLPQSLQDIGGWANREVVEAFVEYSTFIFKEFNGKIKKWITINEPWCISFLSNYEGKHAPGNHNLQLAVTISHHLLLAHGKAVKAFRNLGIEGEIGYAPNVEWIEPFSSKQEDQDACHRGMGIFIEWFFDPVFKGKYPDFMLDWFEQNGAVPEIQEGDMQMISQPIDFVGINFYTGSVGRYNKEAGLLEVEKINIGYQTTDIGWNIYPEGFYKVLNKINNQYGNIPIYITENGACYNDEVINGRVKDEGRIEYLKQHLTSIRRSIETGVNIKGYFAWSLLDNFEWAEGYDMRFGLVHINFHTLERTKKDSYYWYKKIVRNRWFEI",447,"polypeptide(L)",51.936
"8IN1","1","A, B","A, B","UniProt","A0A1V1FXL2","MGKVHVILWLPALLGLFVTSARAADLLTDKFPANFTFGVSTSAFPTEGAWDADGKGPSIWDTFTSDSSHVTGGGDAKQSADTYNHVDDDVTLLKDLGVSSYKFSISWPRIFPNGTKESVNQKGVNFYNTLIDKLLANQITPFVSLYYWDLPQDLQDKGGWSKDESVAWFGDYADFCFKTFGNRVKRWVTIDDPFSVAYKGHETGEQAPGVKNVSVTYKVGHNLLLAHAEAYRIYKDNYRTVQKGEVGISLSSEWYVPKTTGVSDVMAARRAMTFRLGWFLEPLVKGDYPLLMQQRVVAARGTANGLPQFSAGDKLKVKDSYDFIGLSHFTSRLVSEDAGVCSGATVGFFCDQGLKMETDLSYPKLEYRPEVNPTSERRLMGFGLLELLKHVTSDYNKPVIYVTENGLSSCGTLQDQNRVEYLREYSNNVLAAIKAGGDVRGFFVWSLLDGFDWSLGYTSKSGLYYVDMGRGERPRFPRSSATFYKKMIANNGLTDELVTYRAYPADRDVFLYDTFPSDFMFGVATSAYQIEGAWNLDGKGPSIWDTFAHNNRLASGQTGDVACDSYHLYMEDVRMLQHLGVNFYRFSIAWSRVMADGTPATTNQAGIDYYNKLIDALLAAGITPVVTLYHWDLPQALENDGGWKNDSVVDQFEAYARLCFEQFGDRVKYWITFNEAFVVSWLGYGIGIFAPGIYDPGTSPYMVAHNIIRSHSRAYHLYSNNFQAKYKGKVGITLDIEWKEPLTDSSEDAAAADRAMQFKLGWFANAIFAGSGDYPQVMRQLVDEKSKRQGLAKSRLPSFTQAEKNLNKGAYDFLALNHYTTNPVNNQPRPNSQPNYEQDQNIDTRYDPCWPDTDASWLKVNPWGIRKLLRWARDHYHNPEIIISESGRPDGEDLTDDGRIYYYKYYINELLKAIKLDGVRVKGYTAWSLMDNLEWTSGYYAKFGLYHVDFNSPNRTRTPRTSATFYQQLIKDRGFPKPASSRRVRRRSRGFHLN",994,"polypeptide(L)",112.56
"8J3M","1","A, B, C, D","A, B, C, D","UniProt","A0A1S5SJM8","MGSSHHHHHHSSGLVPRGSHMGFPKDFLWGTATASYQIEGAAFEDGKGLNIWDVFSHQEGKIFENHNGDVACDHYNRLEEDLDILSKLGVKSYRFSVSWSRVLPAGIGQVNHKGIAFYQMLISGLRERGIIPCMTLYHWDLPYALHLKGGWLNDDSPNWFAEYAKVIKTYFGKEVSYFITFNEPQVFVGCGYLSGNHAPGYQLPKAEIVRIAHNVLKAHGLAVKELRKGEPCKIGFTGASCPCIPASDRKEDIEAAYNQYFSSNSNEFVFTDAFWFDPVLKGRYPKWVTYINNVSMPIITKEDMELISQPIDFVGLNIYNGKYVNEDGGILQKKQGVPRTAIGWPITQEALYWGPRFTSERYHKPIMITENGMSCHDCISLDGKVHDENRIDYMHRYLLQLKKAIADGVDVEGYYAWSLLDNFEWANGYNDRFGITYVDYETQQRIIKDSGFFYQQIIETNGDLL",465,"polypeptide(L)",53.089
"8J5L","1","A, B, C, D","A, B, C, D","UniProt","A0A1S5SJM8","MGSSHHHHHHSSGLVPRGSHMGFPKDFLWGTATASYQIEGAAFEDGKGLNIWDVFSHQEGKIFENHNGDVACDHYNRLEEDLDILSKLGVKSYRFSVSWSRVLPAGIGQVNHKGIAFYQMLISGLRERGIIPCMTLYHWDLPYALHLKGGWLNDDSPNWFAEYAKVIKTYFGKEVSYFITFNQPQVFVGCGYLSGNHAPGYQLPKAEIVRIAHNVLKAHGLAVKELRKGEPCKIGFTGASCPCIPASDRKEDIEAAYNQYFSSNSNEFVFTDAFWFDPVLKGRYPKWVTYINNVSMPIITKEDMELISQPIDFVGLNIYNGKYVNEDGGILQKKQGVPRTAIGWPITQEALYWGPRFTSERYHKPIMITENGMSCHDCISLDGKVHDENRIDYMHRYLLQLKKAIADGVDVEGYYAWSLLDNFEWANGYNDRFGITYVDYETQQRIIKDSGFFYQQIIETNGDLL",465,"polypeptide(L)",53.088
"8J5M","1","A, B, C, D","A, B, C, D","UniProt","A0A1S5SJM8","MGSSHHHHHHSSGLVPRGSHMGFPKDFLWGTATASYQIEGAAFEDGKGLNIWDVFSHQEGKIFENHNGDVACDHYNRLEEDLDILSKLGVKSYRFSVSWSRVLPAGIGQVNHKGIAFYQMLISGLRERGIIPCMTLYHWDLPYALHLKGGWLNDDSPNWFAEYAKVIKTYFGKEVSYFITFNEPQVFVGCGYLSGNHAPGYQLPKAEIVRIAHNVLKAHGLAVKELRKGEPCKIGFTGASCPCIPASDRKEDIEAAYNQYFSSNSNEFVFTDAFWFDPVLKGRYPKWVTYINNVSMPIITKEDMELISQPIDFVGLNIYNGKYVNEDGGILQKKQGVPRTAIGWPITQEALYWGPRFTSERYHKPIMITGNGMSCHDCISLDGKVHDENRIDYMHRYLLQLKKAIADGVDVEGYYAWSLLDNFEWANGYNDRFGITYVDYETQQRIIKDSGFFYQQIIETNGDLL",465,"polypeptide(L)",53.017
"8WFT","1","A, B, C, D","A, B, C, D","UniProt","I3VXG7","MKDFSKDFLFGVATASYQVEGAYNEDGRTMSIWDTFSRQDGKVYKSHNGDVACDHYHLYKDDVKMMKDLGIEAYRFSIAWPRIFPAKGQYNPKGMDFYKRLTDELLKNDIKPFATIYHWDLPQWADDLGGWLNREIVEWYGEYAEKLFSELGGYIKNWITLNEPWCSSFLSYFIGEHAPGHKDLGEALLVSHNLLLSHGKAVEIFRGLNLDDSKIGITLNLNEVFPASDSDDDKVAAQIADGFQNRWFLDPLFKGKYPQDMVEYFGKYAKVDFINDEDLKLISQKLDFLGVNYYTRAVVQKGNDGLLDAVQIDPGNERTEMGWEIYPESLYNILMRLKREYTYDMPLYITENGAAFNDVVEDDGRVHDEKRVEFLKQHFKEAKRFLNDGGNLKGYFVWSLMDNFEWAHGYSKRFGIVYVDYETEKRILKDSALWYKDLISTRTI",444,"polypeptide(L)",51.807
"8WFU","1","A, B, C, D","A, B, C, D","UniProt","I3VXG7","MKDFSKDFLFGVATASYQVEGAYNEDGRTMSIWDTFSRQDGKVYKSHNGDVACDHYHLYKDDVKMMKDLGIEAYRFSIAWPRIFPAKGQYNPKGMDFYKRLTDELLKNDIKPFATIYHWDLPQWADDLGGWLNREIVEWYGEYAEKLFSELGGYIKNWITLNEPWCSSFLSYFIGEHAPGHKDLGEALLVSHNLLLSHGKAVEIFRGLNLDDSKIGITLNLNEVFPASDSDDDKVAAQIADGFQNRWFLDPLFKGKYPQDMVEYFGKYAKVDFINDEDLKLISQKLDFLGVNYYTRAVVQKGNDGLLDAVQIDPGNERTEMGWEIYPESLYNILMRLKREYTYDMPLYITENGAAFNDVVEDDGRVHDEKRVEFLKQHFKEAKRFLNDGGNLKGYFVWSLMDNFEWAHGYSKRFGIVYVDYETEKRILKDSALWYKDLISTRTI",444,"polypeptide(L)",51.807
"8WFV","1","A","A","UniProt","I3VXG7","MKDFSKDFLFGVATASYQVEGAYNEDGRTMSIWDTFSRQDGKVYKSHNGDVACDHYHLYKDDVKMMKDLGIEAYRFSIAWPRIFPAKGQYNPKGMDFYKRLTDELLKNDIKPFATIYHWDLPQWADDLGGWLNREIVEWYGEYAEKLFSELGGYIKNWITLNEPWCSSFLSYFIGEHAPGHKDLGEALLVSHNLLLSHGKAVEIFRGLNLDDSKIGITLNLNEVFPASDSDDDKVAAQIADGFQNRWFLDPLFKGKYPQDMVEYFGKYAKVDFINDEDLKLISQKLDFLGVNYYTRAVVQKGNDGLLDAVQIDPGNERTEMGWEIYPESLYNILMRLKREYTYDMPLYITENGAAFNDVVEDDGRVHDEKRVEFLKQHFKEAKRFLNDGGNLKGYFVWSLMDNFEWAHGYSKRFGIVYVDYETEKRILKDSALWYKDLISTRTI",444,"polypeptide(L)",51.807
"8WFW","1","A","A","UniProt","I3VXG7","MKDFSKDFLFGVATASYQVEGAYNEDGRTMSIWDTFSRQDGKVYKSHNGDVACDHYHLYKDDVKMMKDLGIEAYRFSIAWPRIFPAKGQYNPKGMDFYKRLTDELLKNDIKPFATIYHWDLPQWADDLGGWLNREIVEWYGEYAEKLFSELGGYIKNWITLNEPWCSSFLSYFIGEHAPGHKDLGEALLVSHNLLLSHGKAVEIFRGLNLDDSKIGITLNLNEVFPASDSDDDKVAAQIADGFQNRWFLDPLFKGKYPQDMVEYFGKYAKVDFINDEDLKLISQKLDFLGVNYYTRAVVQKGNDGLLDAVQIDPGNERTEMGWEIYPESLYNILMRLKREYTYDMPLYITENGAAFNDVVEDDGRVHDEKRVEFLKQHFKEAKRFLNDGGNLKGYFVWSLMDNFEWAHGYSKRFGIVYVDYETEKRILKDSALWYKDLISTRTI",444,"polypeptide(L)",51.807
